,Geo Point,Name,Name (en),IATA code,ICAO code,Website,Phone,Operator,Country,Country code,Size
0,51.1075552; 16.8756697,Port Lotniczy Wrocław,Wroclaw Airport,WRO,EPWR,,,Port Lotniczy Wrocław SA,Poland,PL,337
4,53.8045836; 10.7171264,Flughafen Lübeck-Blankensee,Lübeck Airport,LBC,EDHL,https://www.flughafen-luebeck.de/,,FHL GmbH,Germany,DE,289
5,53.0971349; 17.9787716,Port Lotniczy Bydgoszcz-Szwederowo,Airport Bydgoszcz - Szwederowo,BZG,EPBY,,,Port Lotniczy Bydgoszcz S.A. im. Ignacego Jana Paderewskiego,Poland,PL,487
6,48.4478772; -4.4186671,Aéroport de Brest-Bretagne,,BES,LFRB,https://www.brest.aeroport.bzh/accueil,,SAS Aéroport de Bretagne ouest,France,FR,409
7,50.9120343; 5.7704958,Maastricht Aachen Airport,Maastricht Aachen Airport,MST,EHBK,https://www.maa.nl/,,,Netherlands,NL,298
8,51.1890058; 4.4631377,Internationale Luchthaven Antwerpen,Antwerp International Airport,ANR,EBAW,https://www.antwerp-airport.be,,Flemish department of Mobility and Public Works,Belgium,BE,253
9,52.4614577; 9.6801216,Flughafen Hannover-Langenhagen,Hannover Airport,HAJ,EDDV,https://www.hannover-airport.de/informationen-fuer-fluggaeste-und-besucher/,,,Germany,DE,217
10,51.6144732; 8.6174807,Paderborn/Lippstadt,Airport Paderborn/Lippstadt,PAD,EDLP,https://www.airport-pad.com/,,Flughafen Paderborn/Lippstadt GmbH,Germany,DE,329
11,8.4819569; 76.9196331,Thiruvananthapuram International Airport,Thiruvananthapuram International Airport,TRV,VOTV,https://www.adani.com/thiruvananthapuram-airport,,,India,IN,472
12,17.9359078; -76.7840336,Norman Manley International Airport,,KIN,MKJP,,,NMIA Airports Limited,Jamaica,JM,145
13,43.3791392; -0.4201974,Aéroport de Pau Pyrénées,Pau Pyrénées Airport,PUF,LFBP,,+33 5 59 33 33 00,Pau Chamber of Commerce,France,FR,435
14,-18.0432392; 178.5606291,Nausori International Airport,Nausori International Airport,SUV,NFNA,,,,Fiji,FJ,451
15,36.2751358; 6.6221427,Aéroport Mohamed Boudiaf - Constantine,Constantine Mohamed Boudifa Airport,CZL,DABC,http://www.egsa-constantine.dz,,Etablissement de Gestion de Services Aéroportuaires,Algeria,DZ,261
16,38.6930046; -121.593136,Sacramento International Airport,Sacramento International Airport,SMF,KSMF,http://www.sacairports.org,,,United States of America,US,416
17,45.3966634; 10.8873757,Aeroporto Valerio Catullo di Verona-Villafranca,Verona Villafranca Airport,VRN,LIPX,https://www.aeroportoverona.it/passeggeri_t5/,+39 045 8095666,,Italy,IT,318
18,42.5702378; 27.5152922,Летище Бургас,Burgas Airport,BOJ,LBBG,http://www.bourgas-airport.com/,,Fraport Twin Star Airport Management,Bulgaria,BG,497
19,13.4109079; 103.8126787,អាកាសយានដ្ឋាន​អន្តរជាតិ​សៀមរាប,Siem Reap International Airport,REP,VDSR,https://rep.cambodia-airports.aero/,+855 (0)63 962 400,Cambodia Airport Management Services,Cambodia,KH,370
20,12.3501414; -1.51358,Aéroport international de Ouagadougou,Ouagadougou International Airport,OUA,DFFD,,,,Burkina Faso,BF,139
21,51.1342879; 13.7692881,Flughafen Dresden,Dresden Airport,DRS,EDDC,https://www.dresden-airport.de/,,,Germany,DE,337
22,49.2165721; 7.1095309,Flughafen Saarbrücken,Saarbrücken Airport,SCN,EDDR,https://www.flughafen-saarbruecken.de/,,Flug-Hafen-Saarland GmbH,Germany,DE,234
23,52.1341239; 7.6837697,Flughafen Münster/Osnabrück,Münster Osnabrück Airport,FMO,EDDG,https://www.fmo.de/,,Flughafen Münster/Osnabrück GmbH,Germany,DE,218
24,30.2055312; 71.4196347,ملتان انٹرنیشنل ائیرپورٹ,Multan International Airport,MUX,OPMT,,,,Pakistan,PK,100
25,50.7348674; -3.4136027,Exeter Airport,Exeter Airport,EXT,EGTE,https://www.exeter-airport.co.uk/,,,United Kingdom,GB,355
26,38.1769866; 13.1007781,Aeroporto di Palermo Falcone e Borsellino,Palermo International Airport,PMO,LICJ,,,,Italy,IT,212
27,21.6157916; -81.5450102,Aeropuerto Vitalio Acuña,Vitalio Acuña Airport,CYO,MUCL,,,ECASA,Cuba,CU,155
28,1.1222496; 104.1193266,Bandar Udara Hang Nadim,Hang Nadim Batam International Airport,BTH,WIDD,,+62 778 761507,Unit Penyelenggara Bandar Udara,Indonesia,ID,487
29,35.3370606; 25.1759651,Κρατικός Αερολιμένας Ηρακλείου Νίκος Καζαντζάκης,Heraklion International Airport Nikos Kazantzakis,HER,LGIR,https://www.hcaa-eleng.gr/irak.htm,,,Greece,GR,497
30,43.4691926; -1.5231207,Aéroport de Biarritz Pays Basque,,BIQ,LFBZ,https://www.biarritz.aeroport.fr/,+33 5 59 43 83 83,,France,FR,461
31,49.4541454; 2.1196855,Aéroport de Beauvais-Tillé,,BVA,LFOB,,,Chambre de Commerce et d'Industrie de l'Oise,France,FR,136
32,45.3624009; 5.3300082,Aéroport de Grenoble Alpes Isère,,GNB,LFLS,,,,France,FR,468
33,42.5298965; 8.7922257,Aéroport de Calvi Sainte-Catherine,Calvi – Sainte-Catherine Airport,CLY,LFKC,,,,France,FR,157
34,41.5034306; 9.0978591,Figari - Sud Corse,,FSC,LFKF,,,Chambre de commerce et d'industrie d'Ajaccio et de la Corse-du-Sud,France,FR,494
35,-3.4284289; 37.0720298,Kilimanjaro International Airport,,JRO,HTKJ,http://www.kilimanjaroairport.co.tz/,,,Tanzania,TZ,198
36,40.8993345; 9.5186505,Aeroporto Internazionale Olbia Costa Smeralda,Olbia Costa Smeralda International Airport,OLB,LIEO,https://www.geasar.it/,+39 0789 563 444,GEASAR,Italy,IT,202
37,51.3830799; -2.7186615,Bristol Airport,,BRS,EGGD,https://www.bristolairport.co.uk/,,,United Kingdom,GB,347
38,37.4674234; 15.0652965,Aeroporto di Catania Fontanarossa,Catania-Fontanarossa Airport,CTA,LICC,https://aeroporto.catania.it/,,,Italy,IT,392
39,18.5790018; -72.2932731,Aéroport International Toussaint Louverture - Ayewopò Entènasyonal Tousen Louvèti,Toussaint Louverture International Airport,PAP,MTPP,,,Autorité Aeroportuaire Nationale,Haiti,HT,471
40,19.7265457; -72.2002106,Aéroport International Cap-Haïtien,Cap-Haitien International Airport,CAP,MTCH,https://www.aanhaiti.com/aan/airports/cap_overview.asp,,Autorité Aeroportuaire Nationale,Haiti,HT,484
41,57.6630308; 12.284495,Göteborg Landvetter Airport,Gothenburg Landvetter Airport,GOT,ESGG,https://www.swedavia.com/landvetter/,,Swedavia,Sweden,SE,203
42,47.4474579; -122.3083543,Seattle-Tacoma International Airport,Seattle-Tacoma International Airport,SEA,KSEA,https://www.portseattle.org/sea-tac/,+1 206 787 5388;+1 800 544 1965,Port of Seattle,United States of America,US,103
43,55.0385826; -1.6925163,Newcastle International Airport,Newcastle International Airport,NCL,EGNT,https://www.newcastleairport.com/,+44 871 882 1121,Newcastle International Airport Ltd,United Kingdom,GB,245
44,-17.6989896; 168.3181493,Bauerfield International Airport,,VLI,NVVV,https://www.airports.vu/,,Airports Vanuatu Limited,Vanuatu,VU,132
45,27.8144471; -17.8872501,Aeropuerto de El Hierro,El Hierro Airport,VDE,GCHI,,,AENA,Spain,ES,231
46,52.1387032; 15.798106,Port lotniczy Zielona Góra-Babimost,Zielona Góra Airport,IEG,EPZG,,,"Przedsiębiorstwo Państwowe ""Porty Lotnicze"" (PPL) State Enterprise Porty Lotnicze (PPL)",Poland,PL,372
47,43.0983294; 12.5093467,"Aeroporto Internazionale dell'Umbria - Perugia ""San Francesco d'Assisi""",Perugia San Francesco d'Assisi – Umbria International Airport,PEG,LIRZ,,,,Italy,IT,411
48,-33.9717067; 18.6039556,Cape Town International Airport,Cape Town International Airport,CPT,FACT,,,Airports Company South Africa,South Africa,ZA,217
49,43.6172317; 13.3624959,"Aeroporto ""Raffaello Sanzio"" di Ancona-Falconara",Ancona Airport,AOI,LIPY,,,Aerdorica SpA,Italy,IT,458
50,51.2385637; 22.7165883,Port Lotniczy Lublin,,LUZ,EPLB,,,Port Lotniczy Lublin SA,Poland,PL,390
51,42.8976883; -8.4174874,Aeroporto de Santiago - Rosalía de Castro,Santiago - Rosalia de Castro Airport,SCQ,LEST,https://www.aena.es/gl/aeroporto-santiago/index.html,,AENA,Spain,ES,314
52,63.1941439; 14.5024396,Åre Östersund Airport,Åre Östersund Airport,OSD,ESNZ,,,Swedish Civil Aviation Administration,Sweden,SE,191
53,55.3014857; 61.5027976,Международный аэропорт Челябинск имени Игоря Курчатова,Chelyabinsk International Airport named after Igor Kurchatov,CEK,USCC,,,Акционерное общество «Челябинское авиапредприятие»,Russia,RU,321
54,43.3927252; 132.1464045,Международный аэропорт Владивосток (Кневичи) им. В. К. Арсеньева,Vladivostok International Airport,VVO,UHWW,https://vvo.aero/,+7 423 2306909,АО «Международный аэропорт Владивосток»,Russia,RU,101
55,55.6074545; 49.27852,Казань,Kazan Airport,KZN,UWKD,https://www.kazan.aero/,+7 (843) 267-88-07,,Russia,RU,279
56,50.4236476; 127.4132606,Международный аэропорт Благовещенск (Игнатьево) им. Н. Н. Муравьёва-АмурскогоИгнатьево,Ignatyevo Airport,BQS,UHBB,,,ГУП Амурской области «Аэропорт Благовещенск»,Russia,RU,198
57,45.1110073; 42.1134917,Ставрополь — Шпаковское,Stavropol Shpakovskoye Airport,STW,URMT,,,JSC; Airport Stavropol,Russia,RU,202
58,48.6612686; 21.2398869,Medzinárodné letisko Košice,Košice International Airport,KSC,LZKZ,https://www.airportkosice.sk/,+421 55 683 2100,Letisko Košice - Airport Košice; a.s.,Slovakia,SK,443
59,-4.0266813; 39.5986774,Uwanja wa Ndege wa Kimataifa wa Moi,Moi International Airport,MBA,HKMO,https://www.kaa.go.ke/airports/our-airports/moi-international-airport/,,Kenya Airports Authority,Kenya,KE,471
60,44.5683501; 26.1023615,Aeroportul Internațional Henri Coandă - Otopeni (OTP),Henri Coandă International Airport (OTP),OTP,LROP,https://www.otp-airport.ro/,,Compania Națională Aeroporturi București S.A.,Romania,RO,100
61,47.0268607; 21.9038957,Aeroportul Internațional Oradea,Oradea International Airport,OMR,LROD,,,,Romania,RO,421
62,46.5190608; 26.9120169,Aeroportul Internațional Bacău,Bacău International Airport,BCM,LRBC,,,Consiliul Județean Bacău,Romania,RO,413
63,-0.0873736; 34.7243856,Kisumu International Airport,,KIS,HKKI,https://www.kaa.go.ke/airports/our-airports/kisumu-international-airport/,,Kenya Airports Authority,Kenya,KE,490
64,0.4042525; 35.2356004,Eldoret International Airport,Eldoret International Airport,EDL,HKEL,https://www.kaa.go.ke/airports/our-airports/eldoret-international-airport/,,Kenya Airports Authority,Kenya,KE,291
65,59.4144452; 24.8409232,Tallinna lennujaam,Tallinn Airport,TLL,EETN,https://www.tallinn-airport.ee/,,AS Tallinna Lennujaam,Estonia,EE,173
66,3.5396585; -76.3833298,Aeropuerto Internacional Alfonso Bonilla Aragón,Alfonso Bonilla Aragon International Airport,CLO,SKCL,,,Aerocali S.A.,Colombia,CO,166
67,6.8058216; -58.1091401,Eugene F. Correia International Airport,,OGL,SYEC,,,,Guyana,GY,161
69,51.0735409; 58.5962744,Орск,Orsk Airport,OSW,UWOR,,,Акционерное общество «Международный аэропорт «Оренбург»,Russia,RU,188
70,45.0382968; 33.9812821,Международный аэропорт Симферополь,Simferopol International Airport,SIP,UKFF,,,,Russia,RU,409
71,36.9484596; 37.4776805,Gaziantep Oğuzeli Uluslararası Havalimanı,Oğuzeli Airport,GZT,LTAJ,,,DHMİ (State Airports Administrations),Turkey,TR,364
72,18.304801; 109.414719,三亚凤凰国际机场,Sanya Phoenix International Airport,SYX,ZJSY,,,海南机场集团,China,CN,332
73,29.2202961; 47.9681037,مطار الكويت الدولي,Kuwait International Airport,KWI,OKKK,,,Directorate General of Civil Aviation,Kuwait,KW,305
75,17.1355621; -61.7920457,V. C. Bird International Airport,V. C. Bird International Airport,ANU,TAPA,,,Antigua and Barbuda Airport Authority,Antigua and Barb.,AG,290
76,19.3381853; -99.5644207,Aeropuerto Internacional de Toluca,Lic. Adolfo López Mateos International Airport,TLC,MMTO,,,Grupo Aeroportuario de la Ciudad de México,Mexico,MX,181
77,35.758987; 10.7541158,مطار المنستير حبيب بورقيبة,Monastir Habib Bourguiba Airport,MIR,DTMB,,,,Tunisia,TN,464
78,37.6721026; 45.0684318,فرودگاه بین‌المللی شهید باکری ارومیه,Urmia International Airport,OMH,OITR,https://uromieh.airport.ir/,,,Iran,IR,266
80,49.0713037; 20.2392135,Poprad-Tatry,Poprad-Tatry Airport,TAT,LZTT,,,Letisko Poprad-Tatry; a. s.,Slovakia,SK,393
81,35.4173561; 51.1502181,فرودگاه بین‌المللی امام خمینی تهران,Imam Khomeini International Airport,IKA,OIIE,,,,Iran,IR,199
82,50.9513872; -1.3516684,Southampton Airport,,SOU,EGHI,https://www.southamptonairport.com/,,Southampton International Airport Limited,United Kingdom,GB,166
83,26.3416929; 31.7315022,مطار سوهاج الدولى,Suhag International Airport,HMB,HESG,,,Ministry of Civil Aviation,Egypt,EG,441
84,42.9398993; -78.7285987,Buffalo-Niagara International Airport,Buffalo-Niagara International Airport,BUF,KBUF,,,Niagara Frontier Transportation Authority,United States of America,US,337
85,36.2989195; 32.2974774,Gazipaşa-Alanya Havalimanı,Gazipaşa-Alanya Airport,GZP,LTFG,,,TAV Havalimanları Holding A.Ş.,Turkey,TR,436
86,39.8748446; -75.2444691,Philadelphia International Airport,,PHL,KPHL,https://www.phl.org/,,,United States of America,US,116
87,25.7955406; -80.2918816,Miami International Airport,,MIA,KMIA,https://www.miami-airport.com/,+1 800-825-5642,Miami-Dade Aviation Department (MDAD),United States of America,US,269
88,23.5521866; 116.5034189,揭阳潮汕国际机场,Jieyang Chaoshan International Airport,SWA,ZGOW,,,广东省机场管理集团揭阳潮汕机场公司,China,CN,459
89,38.3240306; 48.4176971,فرودگاه بین‌المللی شهدای اردبیل,Ardabil Airport,ADU,OITL,,,,Iran,IR,150
90,27.693696; 85.3591384,Tribhuvan International Airport,Tribhuvan International Airport,KTM,VNKT,https://www.tiairport.com.np/,,Civil Aviation Authority of Nepal (CAAN),Nepal,NP,455
91,-29.7828941; -57.0373094,Aeroporto Internacional Rubem Berta,Ruben Berta International Airport,URG,SBUG,,,CCR Aeroportos,Brazil,BR,207
92,-25.3338203; 27.173509,Pilanesberg International Airport,,NTY,FAPN,,,,South Africa,ZA,204
93,31.6056975; -8.0359197,Aéroport Marrakech Ménara ⴰⵣⴰⴳⵯⵣ ⵏ ⵎⵕⵕⴰⴽⵛ ⵎⵏⴰⵕⴰ مطار مراكش المنارة,Marrakech Menara Airport,RAK,GMMX,,,ONDA & Royal Air Force,Morocco,MA,221
94,41.2562704; 36.5634059,Samsun Çarşamba Havalimanı,Samsun-Çarşamba Airport,SZF,LTFH,,,DHMİ (State Airports Administration),Turkey,TR,340
95,33.3692601; -7.5821439,Aéroport Mohammed V,Mohammed V International Airport,CMN,GMMN,,,ONDA (Office national des Aéroports),Morocco,MA,168
96,63.7904028; 20.2839168,Umeå Airport,Umeå Airport,UME,ESNU,,,Swedish Civil Aviation Administration,Sweden,SE,179
97,51.9556978; 4.44072,Rotterdam The Hague Airport,,RTM,EHRD,https://www.rotterdamthehagueairport.nl/,,,Netherlands,NL,446
99,45.7405766; 16.0652153,Zračna luka Franjo Tuđman,Zagreb International Airport,ZAG,LDZA,https://www.zagreb-airport.hr/,,,Croatia,HR,140
100,-34.9474472; 138.5308948,Adelaide Airport,,ADL,YPAD,https://www.adelaideairport.com.au/,,Adelaide Airport Limited,Australia,AU,265
101,44.5256453; 129.5692026,牡丹江海浪机场,Mudanjiang Hailang International Airport,MDG,ZYMD,,,,China,CN,467
102,37.8032803; -1.125496,Aeropuerto Internacional de la Región de Murcia,Region of Murcia International Airport,RMU,LEMI,http://www.aeropuertointernacionalmurcia.com/,,,Spain,ES,278
103,13.9126385; 100.6040594,ท่าอากาศยานดอนเมือง,Don Mueang International Airport,DMK,VTBD,https://bio.site/dmk_airport,,,Thailand,TH,449
104,40.4950168; -3.5619325,Aeropuerto Adolfo Suárez Madrid-Barajas,Adolfo Suárez Madrid-Barajas Airport,MAD,LEMD,https://www.aena.es/es/adolfo-suarez-madrid-barajas.html,,Aena,Spain,ES,228
105,43.30173; -2.9150933,Bilboko aireportua/Aeropuerto de Bilbao,Bilbao Airport,BIO,LEBB,,,AENA,Spain,ES,472
106,5.6039183; -0.1682918,Kotoka International Airport,Kotoka International Airport,ACC,DGAA,,,Ghana Civil Aviation Authority,Ghana,GH,414
107,48.0688985; -1.7321434,Rennes Aéroport Bretagne,Rennes Airport Britanny,RNS,LFRN,https://www.rennes.aeroport.fr,,Vinci,France,FR,149
108,45.637748; 5.8810515,Aéroport Chambéry Savoie,Chambéry Savoie Airport,CMF,LFLB,https://www.chambery-airport.com,+33(0)4 79 54 49 54,VINCI Airports,France,FR,169
109,25.6129658; 55.9403527,مطار رأس الخيمة الدولي,Ras Al Khaimah International Airport,RKT,OMRK,https://www.rakairport.com/,,الهيئة العامة للطيران المدني,United Arab Emirates,AE,474
111,39.6018935; 19.9120706,Διεθνής Αερολιμένας Κέρκυρας «Ιωάννης Καποδίστριας»,"Corfu International Airport ""Ioannis Kapodistrias""",CFU,LGKR,https://www.cfu-airport.gr,,Fraport Greece,Greece,GR,101
112,11.1191629; -74.231574,Aeropuerto Internacional Simón Bolívar,Simón Bolívar International Airport,SMR,SKSM,,,,Colombia,CO,426
113,32.7612198; 51.8753241,فرودگاه بین‌المللی شهید بهشتی اصفهان,Isfahan International Airport,IFN,OIFM,,,Military of Iran,Iran,IR,381
114,8.9749431; -79.5572365,"Aeropuerto Internacional de Albrook ""Marcos A. Gelabert""","Albrook ""Marcos A. Gelabert"" International Airport",PAC,MPMG,,,,Panama,PA,352
115,37.7489338; 112.6301576,太原武宿国际机场,Taiyuan Wusu International Airport,TYN,ZBYN,,,,China,CN,477
116,26.5300597; 53.9825827,فرودگاه بین‌المللی کیش,Kish International Airport,KIH,OIBK,,,شرکت فرودگاه های کشور,Iran,IR,172
117,7.1793689; 79.884405,Bandaranaike International Airport,Bandaranaike International Airport,CMB,VCBI,https://www.airport.lk,,Airport and Aviation Services (Sri Lanka) Limited,Sri Lanka,LK,410
118,11.8562273; 13.0822492,Maiduguri International Airport,,MIU,DNMA,,,,Nigeria,NG,302
119,43.8591454; 51.0907203,Актау,Aktau Airport,SCO,UATE,https://www.aktau-airport.kz/,,,Kazakhstan,KZ,400
120,38.1717018; -85.7385057,Louisville Muhammad Ali International Airport,Louisville Muhammad Ali International Airport,SDF,KSDF,https://www.flylouisville.com/,,Louisville Regional Airport Authority (LRAA),United States of America,US,166
121,42.1757183; 42.4802765,ქუთაისის დავით აღმაშენებელის საერთაშორისო აეროპორტი,David the Builder Kutaisi International Airport,KUT,UGKO,,,,Georgia,GE,108
122,45.8098276; 21.3379654,Aeroportul Internațional Timișoara - Traian Vuia,Timișoara Traian Vuia International Airport,TSR,LRTR,https://aerotim.ro/en/,,,Romania,RO,384
123,47.8693755; 35.3106254,"Міжнародний аеропорт ""Запоріжжя""",Zaporizhzhia International Airport,OZH,UKDE,,,,Ukraine,UA,157
124,28.0553983; 9.6449973,Aéroport d'In Aménas Zerzaitine,In-Amenas Zarzaitine Airport,IAM,DAUZ,,,مؤسسة تسيير مصالح مطارات الجزائر,Algeria,DZ,103
125,-33.360362; -56.4971965,"Aeropuerto Internacional de Alternativa Durazno ""Santa Bernardina""",Santa Bernardina International Airport,DZO,SUDU,,,,Uruguay,UY,179
126,46.4272859; 30.6853824,Міжнародний аеропорт Одеса (ODS),Odesa International Airport,ODS,UKOO,,,,Ukraine,UA,270
127,16.9119972; 96.1364181,ရန်ကုန် အပြည်ပြည်ဆိုင်ရာ လေဆိပ်,Yangon International Airport,RGN,VYYY,,,,Myanmar,MM,360
128,33.6378631; -84.4296264,Hartsfield–Jackson Atlanta International Airport,Hartsfield–Jackson Atlanta International Airport,ATL,KATL,https://www.atl.com,,Department of Aviation,United States of America,US,359
129,35.0377157; -106.602979,Albuquerque International Sunport,Albuquerque International Sunport,ABQ,KABQ,https://abqsunport.com/,,Albuquerque Aviation Department,United States of America,US,205
130,38.7495724; -90.3767946,St. Louis Lambert International Airport,St. Louis Lambert International Airport,STL,KSTL,,,,United States of America,US,489
131,26.0723139; -80.1497953,Fort Lauderdale-Hollywood International Airport,,FLL,KFLL,,,,United States of America,US,152
132,32.7340065; -117.1914072,San Diego International Airport,,SAN,KSAN,https://www.san.org,,,United States of America,US,192
133,-0.1274352; -78.3553608,Aeropuerto Internacional Mariscal Antonio José de Sucre,Mariscal Sucre International Airport,UIO,SEQM,https://www.aeropuertoquito.com/,,Quiport,Ecuador,EC,176
134,36.3613271; 36.2863675,Hatay Havaalanı,,HTY,LTDA,,,DHMI,Turkey,TR,407
135,16.0428882; 108.1984008,Sân bay quốc tế Đà Nẵng (DAD),Da Nang International Airport,DAD,VVDN,,,Airports Corporation of Vietnam,Vietnam,VN,265
136,36.0861332; -115.1457407,Harry Reid International Airport,Harry Reid International Airport,LAS,KLAS,https://www.harryreidairport.com/,,Clark County Department of Aviation,United States of America,US,271
138,45.6220592; 126.2482477,哈尔滨太平国际机场,Harbin Taiping International Airport,HRB,ZYHB,,,Civil Government,China,CN,306
139,21.3321102; -157.9573188,Hickam Air Force Base,,HIK,PHIK,,,,United States of America,US,383
140,43.5798377; 3.9664488,Aéroport de Montpellier - Méditerranée,,MPL,LFMT,,,,France,FR,350
141,27.1800158; 33.7913944,مطار الغردقة الدولي (HRG),Hurghada International Airport,HRG,HEGN,,,,Egypt,EG,211
142,36.2015573; -95.8867344,Tulsa International Airport,,TUL,KTUL,,,,United States of America,US,454
143,21.9720241; -159.3435362,Lihue Airport,Lihue Airport,LIH,PHLI,,,Hawaii Department of Transportation,United States of America,US,360
144,37.1319968; -76.4882301,Newport News/Williamsburg Airport,,PHF,KPHF,,,The Peninsula Airport Commission,United States of America,US,294
145,52.1728858; -106.701166,Saskatoon John G. Diefenbaker International Airport,,YXE,CYXE,https://skyxe.ca/,,Skyxe,Canada,CA,410
146,28.945604; -13.6074809,Aeropuerto César Manrique Lanzarote,Lanzarote Airport,ACE,GCRR,,,AENA,Spain,ES,305
147,47.60318; 7.5250502,EuroAirport Bâle-Mulhouse-Fribourg,EuroAirport Basel-Mulhouse-Freiburg,BSL;MLH;EAP,LFSB,https://www.euroairport.com/,,,France,FR,187
148,36.7117894; 28.7868553,Dalaman Havalimanı,Dalaman Airport,DLM,LTBS,,,,Turkey,TR,496
149,51.7139667; 46.1694782,Гагарин,,GSV,UWSG,,+78452444446,,Russia,RU,468
150,-13.7887828; 33.7807729,Kamuzu International Airport,,LLW,FWKI,,,,Malawi,MW,278
151,32.5607087; 119.7176387,扬州泰州机场,Yangzhou Taizhou Airport,YTY,ZSYA,,,,China,CN,310
152,27.5051198; 83.4138324,Gautam Buddha International Airport,,BWA,VNBW,,,,Nepal,NP,188
153,48.622106; 17.8279551,Piešťany,Piešťany International Airport,PZY,LZPP,https://www.airport-piestany.sk/,,,Slovakia,SK,161
154,7.5659622; -72.0354869,Aeropuerto Internacional de Santo Domingo,Santo Domingo International Airport,STD,SVSO,https://www.aeropuertos.net/aeropuerto-internacional-de-santo-domingo/,+58-276-3425129,Bolivariana de Aeropuertos S.A. (BAER S.A.),Venezuela,VE,448
155,35.5300399; 24.150736,Κρατικός Αερολιμένας Χανίων «Ιωάννης Δασκαλογιάννης»,"Chania International Airport ""Ioannis Daskalogiannis""",CHQ,LGSA,https://www.chq-airport.gr/,,,Greece,GR,425
157,-34.8315724; -56.0262319,Aeropuerto Internacional de Carrasco,,MVD,SUMU,,,,Uruguay,UY,447
158,42.0351137; 20.4150766,Aeroporti Ndërkombëtar i Kukësit Zayed,Kukes International Airport Zayed,KFZ,LAKU,https://kuiport.al/,,Municipality of Kukës; Bami SHPK; Global Technical Mechanics SHPK,Albania,AL,319
159,22.9877941; -82.4120428,Aeropuerto Internacional José Martí,José Martí International Airport,HAV,MUHA,,+53 (07) 649 5777,Empresa Cubana de Aeropuertos; S.A. (ECASA),Cuba,CU,164
160,27.9795232; 34.3906262,مطار شرم الشيخ الدولي (SSH),Sharm El Sheikh International Airport,SSH,HESH,,,,Egypt,EG,414
161,9.3372423; 13.3676208,Aéroport International de Garoua,Garoua International Airport,GOU,FKKR,,,,Cameroon,CM,466
162,18.5698229; -68.3670564,Aeropuerto Internacional de Punta Cana,Punta Cana International Airport,PUJ,MDPC,,,,Dominican Rep.,DO,459
163,32.5354575; 74.3633323,سیالکوٹ انٹرنیشنل ایئرپورٹ,Sialkot International Airport,SKT,OPST,https://www.sial.com.pk/,,Sialkot International Airport Ltd.,Pakistan,PK,211
164,55.4754323; 10.3270495,Hans Christian Andersen Airport,,ODE,EKOD,https://www.hca-airport.dk/,,Odense Lufthavn S.m.b.a.,Denmark,DK,467
165,18.25193; -71.121316,Aeropuerto Internacional María Montez,María Montez International Airport,BRX,MDBH,,,Aeropuertos Dominicanos Siglo XXI S.A. (Aerodom),Dominican Rep.,DO,415
166,18.4518622; -68.912207,Aeropuerto Internacional La Romana,La Romana International Airport,LRM,MDLR,,,,Dominican Rep.,DO,183
167,-25.9397428; 27.9254685,Lanseria International Airport,,HLA,FALA,,,,South Africa,ZA,371
168,16.1857906; 52.1719211,مطار الغيضة الدولي,Al Ghaidah International Airport,AAY,OYGD,,,,Yemen,YE,146
169,32.2944837; 50.8432997,فرودگاه شهرکرد,Shahrekord Airport,CQD,OIFS,,,,Iran,IR,284
170,-37.6671178; 144.833618,Melbourne Airport,Melbourne Airport,MEL,YMML,https://www.melbourneairport.com.au/,+61 3 9297 1600,Australia Pacific Airports Corporation (Melbourne) - APAM,Australia,AU,345
172,41.2968559; 2.0826892,Aeroport Barcelona - el Prat Josep Tarradellas,Barcelona El Prat Josep Tarradellas Airport,BCN,LEBL,https://www.aena.es/csee/Satellite/Aeropuerto-Barcelona,+34902404704,AENA,Spain,ES,241
173,51.3978554; -3.3438203,Cardiff Airport,Cardiff Airport,CWL,EGFF,https://cardiff-airport.com/,,Cardiff International Airport Limited,United Kingdom,GB,416
174,35.5456993; 139.7890264,東京国際空港,Tokyo International Airport,HND,RJTT,https://tokyo-haneda.com/,+81-03-5757-8111,東京空港事務所,Japan,JP,362
175,-41.4436847; -73.0953738,Aeropuerto El Tepual,El Tepual Airport,PMC,SCTE,,,IDC,Chile,CL,321
176,44.8293733; -0.7155108,Aéroport de Bordeaux-Mérignac,,BOD,LFBD,,,ADBM,France,FR,149
177,52.4205463; 16.8274877,Port Lotniczy Poznań-Ławica im. Henryka Wieniawskiego,Poznań-Ławica Airport,POZ,EPPO,,,Poznań Ławica Airport Ltd. / Polish Air Force,Poland,PL,251
178,52.7000391; -8.9244669,Shannon Airport,Shannon Airport,SNN,EINN,http://www.shannonairport.com,,Shannon Airport Authority,Ireland,IE,302
179,12.1312561; -68.2644952,Bonaire International Airport,,BON,TNCB,https://bonaireinternationalairport.com/,,,Netherlands,NL,392
180,51.2003392; 2.8740056,Internationale luchthaven Oostende–Brugge,Ostend–Bruges International Airport,OST,EBOS,,,Vlaamse overheid,Belgium,BE,429
181,50.6382307; 5.4450141,Aéroport de Liège-Bierset,Liège Airport,LGG,EBLG,https://www.liegeairport.com/,+32 4 234 84 11,Liege Airport S.A.,Belgium,BE,182
182,47.1519005; -1.6103832,Aéroport Nantes-Atlantique,Nantes Atlantique Airport,NTE,LFRS,,,,France,FR,133
183,19.2691645; -69.7370337,Aeropuerto Internacional Presidente Profesor Juan Bosch,,AZS,MDCY,,,,Dominican Rep.,DO,227
184,50.9009305; 4.4858042,Brussels Airport,Brussels Airport,BRU,EBBR,,,,Belgium,BE,141
185,6.5741322; 3.3200762,Murtala Mohammed International Airport,Murtala Mohammed International Airport,LOS,DNMM,,,Nigerian Ministry of Aviation,Nigeria,NG,417
186,-10.4501526; 105.6903977,Christmas Island Airport,,XCH,YPXM,,,Toll Remote Logistics,Australia,AU,497
187,16.2658104; -61.531414,Aéroport Guadeloupe - Pôle Caraïbes,Pointe-à-Pitre International Airport,PTP,TFFR,https://www.guadeloupe.aeroport.fr/,05 90 21 14 72,Société Aéroportuaire Guadeloupe Pôle Caraïbes (SAGPC),France,FR,265
188,39.9493498; 41.172697,Erzurum Havaalanı,Erzurum Airport,ERZ,LTCE,,,,Turkey,TR,248
189,50.7825186; -1.8422929,Bournemouth Airport,,BOH,EGHH,,,,United Kingdom,GB,363
190,37.6602663; 120.9789013,烟台蓬莱国际机场,Yantai Penglai International Airport,YNT,ZSYT,,,,China,CN,188
191,55.9500825; -3.3614651,Edinburgh Airport,,EDI,EGPH,https://www.edinburghairport.com/,,,United Kingdom,GB,179
192,60.1978165; 11.0991856,Oslo lufthavn; Gardermoen,Oslo Airport; Gardermoen,OSL,ENGM,https://avinor.no/flyplass/oslo/,,Oslo Lufthavn AS,Norway,NO,412
194,13.4900886; 2.1843969,Aéroport international Diori-Hamani,Diori Hamani International Airport,NIM,DRRN,,,,Niger,NE,228
195,46.7921863; -71.3878691,Aéroport international Jean-Lesage de Québec,Québec City Jean Lesage International Airport,YQB,CYQB,,,,Canada,CA,249
196,23.5624651; -75.8776653,Exuma International Airport,Exuma International Airport,GGT,MYEF,,,,Bahamas,BS,208
197,24.9562847; 46.7087391,مطار الملك خالد الدولي,King Khalid International Airport,RUH,OERK,,,General Authority of Civil Aviation,Saudi Arabia,SA,470
199,9.5488129; 100.0625942,ท่าอากาศยานนานาชาติสมุย (USM),Samui International Airport,USM,VTSM,,,,Thailand,TH,186
200,22.6380696; 113.8045185,深圳宝安国际机场,Shenzhen Bao'an International Airport,SZX,ZGSZ,https://www.szairport.com,+86 755 2345 6789,深圳市机场（集团）有限公司,China,CN,407
201,-10.1721251; 123.6739849,Bandar Udara Internasional El Tari,El Tari Airport,KOE,WATT,,,PT. Angkasa Pura I,Indonesia,ID,258
202,5.1773857; -59.4889152,Kaieteur International Airport,,KAI,SYKA,,,,Guyana,GY,200
203,10.4819907; 9.7465943,Bauchi State Airport,Sir Abubakar Tafawa Balewa International Airport,BCU,DNBC,,,,Nigeria,NG,358
204,48.9793426; 6.2477144,Aeroport de Metz-Nancy-Lorraine,,ETZ,LFJL,,,,France,FR,452
205,2.2611608; 98.9840202,Bandar Udara Internasional Sisingamangaraja XII,Sisingamangaraja XII International Airport,DTB,WIMN,https://silangit-airport.co.id,+62 633 41921,PT Angkasa Pura II,Indonesia,ID,273
206,-22.0148982; 166.2139406,Aéroport de Nouméa - La Tontouta,Noumea - La Tontouta International Airport,NOU,NWWW,,,CCI Chambre de Commerce et d'Industrie,France,FR,488
207,9.7497503; -63.1538504,Aeropuerto Internacional José Tadeo Monagas,José Tadeo Monagas International Airport,MUN,SVMT,https://www.aeropuertos.net/aeropuerto-internacional-jose-tadeo-monagas/,+58-291-6410960,Servicio Autónomo de Aeropuertos del Estado Monagas(SAADEMO),Venezuela,VE,333
208,19.9506465; 99.8817597,ท่าอากาศยานเชียงราย,Chiangrai International Airport,CEI,VTCT,,,,Thailand,TH,447
209,30.9139774; 29.6959757,مطار برج العرب,Borg El Arab International Airport,HBE,HEBA,,,Borg al Arab International Airport,Egypt,EG,315
210,49.8105816; 23.9578154,Міжнародний аеропорт «Львів» ім. Данила Галицького,Lviv Danylo Halytskyi International Airport,LWO,UKLL,,,,Ukraine,UA,489
211,52.1089165; 23.8919835,Аэрапорт Брэст,Brest Airport,BQT,UMBB,,,,Belarus,BY,246
212,40.0262182; 124.2817412,丹东浪头机场,Dandong Langtou Airport,DDG,ZYDD,,,,China,CN,189
213,35.1770627; -3.8410855,Cherif El Idrissi مطار الحسيمة الشريف الإدريسي,Cherif Al Idrissi Airport,AHU,GMTA,,,,Morocco,MA,400
214,57.0858829; 9.8682812,Aalborg Lufthavn,Aalborg Airport,AAL,EKYT,https://www.aal.dk/,,Aalborg Lufthavn a.m.b.a.,Denmark,DK,270
215,2.0141572; 45.3040571,Garoonka Caalamiga Ee Aadan Cadde مطار آدم عدي الدولي,Mogadishu Aden Adde International Airport,MGQ,HCMM,https://mogadishuairport.com,,,Somalia,SO,255
216,-3.4424102; -79.9974278,Aeropuerto Internacional de Santa Rosa Coronel de Artillería Víctor Larrea,Santa Rosa International Airport,ETR,SERO,,,,Ecuador,EC,473
217,63.0050973; 27.7973643,Kuopion lentoasema,Kuopio Airport,KUO,EFKU,https://www.finavia.fi/lentoasemat/lentoasema_kuopio,,Finavia,Finland,FI,281
218,-0.7142075; 8.7532859,Aéroport international de Port-Gentil,Port-Gentil International Airport,POG,FOOG,,,,Gabon,GA,394
219,31.9892677; 44.404913,مطار النجف الدولي,Al Najaf International Airport,NJF,ORNI,,,,Iraq,IQ,133
220,41.9617052; 21.620224,Меѓународен аеродром Скопје,Skopje International Airport,SKP,LWSK,https://skp.airports.com.mk/,,TAV Airports Holding,North Macedonia,MK,470
221,18.5029469; -77.9119618,Sangster International Airport,Sangster International Airport,MBJ,MKJS,https://www.mbjairport.com/,,MBJ Airports Ltd.,Jamaica,JM,145
222,22.4883524; -79.9447936,Aeropuerto Internacional Abel Santamaría,Abel Santamaría International Airport,SNU,MUSC,,,ECASA,Cuba,CU,314
223,-4.6741702; 55.5205602,Aéroport International de Seychelles - Pointe Larue,Seychelles International Airport,SEZ,FSIA,https://www.scaa.sc/,,Seychelles Civil Aviation Authority,Seychelles,SC,266
226,44.4625374; 18.7237692,Međunarodni aerodrom Tuzla,Tuzla International Airport,TZL,LQTZ,,,JP Međunarodni Aerodrom Tuzla d.o.o.,Bosnia and Herz.,BA,184
227,8.4395918; 4.4933734,Ilorin International Airport,Ilorin International Airport,ILR,DNIL,,,,Nigeria,NG,215
228,-31.4390185; -57.9865285,"Aeropuerto Internacional de Salto ""Nueva Hespérides""",Nueva Hesperides International Airport,STY,SUSO,,,,Uruguay,UY,195
229,41.2752535; 28.7330101,İstanbul Havalimanı (IST),Istanbul Airport,IST,LTFM,https://www.istairport.com/,,IGA - Istanbul Grand Airport AŞ,Turkey,TR,183
230,30.2819549; 56.9514652,فرودگاه بین المللی آیت الله هاشمی رفسنجانی کرمان,Kerman Ayatollah Hashemi Rafsanjani International Airport,KER,OIKK,,,,Iran,IR,305
231,36.4051137; 28.0863925,"Κρατικός Αερολιμένας Ρόδου ""Διαγόρας""","Rhodes International Airport; ""Diagoras""",RHO,LGRP,,,,Greece,GR,206
232,40.5199688; 22.9690156,"Διεθνής Κρατικός Αερολιμένας Θεσσαλονίκης ""Μακεδονία""","Thessaloniki International Airport ""Macedonia""",SKG,LGTS,https://www.skg-airport.gr,2310985000,,Greece,GR,434
233,45.4686868; -73.7464826,Aéroport international Montréal-Trudeau,Montréal–Trudeau International Airport,YUL,CYUL,,,Aéroports de Montréal,Canada,CA,309
234,-4.1905233; -69.9415846,Aeropuerto Internacional Alfredo Vásquez Cobo,,LET,SKLT,,,Aerocivil,Brazil,BR,110
235,55.8705835; -4.4351667,Glasgow Airport,Glasgow Airport,GLA,EGPF,,+44 141 887 1111,Glasgow Airport Limited,United Kingdom,GB,173
236,63.0520382; 21.7585992,Vaasan lentoasema,Vaasa Airport,VAA,EFVA,,,Finavia,Finland,FI,283
237,32.2917179; -106.9242584,Las Cruces International Airport,Las Cruces International Airport,LRU,KLRU,,,City of Las Cruces,United States of America,US,263
238,0.044802; 32.4429895,Entebbe International Airport,Entebbe International Airport,EBB,HUEN,https://www.entebbe-airport.com/,,Civil Aviation Authority of Uganda,Uganda,UG,325
240,29.1755976; -82.2245368,Ocala International Airport,Ocala International Airport,OCF,KOCF,http://www.ocalaairport.com,,,United States of America,US,393
241,35.9593049; -89.9499611,Arkansas International Airport,,BYH,KBYH,,,,United States of America,US,149
242,49.1925124; -123.179234,Vancouver International Airport,Vancouver International Airport,YVR,CYVR,https://www.yvr.ca/en/passengers,,,Canada,CA,410
244,51.449768; 5.3756078,Eindhoven Airport,Eindhoven Airport,EIN,EHEH,https://www.eindhovenairport.nl,,Air Mobility Command,Netherlands,NL,290
245,53.1207697; 6.5753819,Groningen Airport Eelde,Groningen Airport Eelde,GRQ,EHGG,,,Groningen Airport Eelde NV,Netherlands,NL,208
246,55.5858079; 12.1270988,,,RKE,EKRK,https://www.rke.dk/,,Copenhagen Airports A/S,Denmark,DK,359
247,55.6092748; 12.6379309,Københavns Lufthavn,Copenhagen Airport,CPH,EKCH,https://www.cph.dk/,,Københavns Lufthavne A/S,Denmark,DK,432
248,40.8839464; 14.2891884,Aeroporto di Napoli Capodichino,Naples International Airport,NAP,LIRN,https://www.aeroportodinapoli.it/,,,Italy,IT,487
249,12.9933657; 80.1672985,Chennai International Airport,Chennai Meenambakkam Airport,MAA,VOMM,https://www.chennaiairport.com/,,,India,IN,134
250,-26.1360108; 28.2454726,O.R. Tambo International Airport,OR Tambo International Airport,JNB,FAOR,,,Airports Company South Africa,South Africa,ZA,493
251,48.2363471; 14.1910243,Flughafen Linz-Hörsching,Linz Airport,LNZ,LOWL,,,Flughafen Linz GesmbH,Austria,AT,150
252,46.6432918; 14.3418073,Flughafen Klagenfurt,Klagenfurt Airport,KLU,LOWK,,,Kärntner Flughafen Betriebsgesellschaft m. b. H.,Austria,AT,413
253,43.5615985; -6.0330737,Aeropuerto de Asturias,Asturias Airport,OVD,LEAS,https://www.aena.es/es/asturias.html,+34913211000,Aena,Spain,ES,377
254,11.5468532; 104.8450344,អាកាសយានដ្ឋាន​អន្តរជាតិ​ភ្នំពេញ,Phnom Penh International Airport,PNH,VDPP,https://pnh.cambodia-airports.aero/,+855 (0)23 862 800,Cambodia Airports,Cambodia,KH,129
255,21.2188771; 105.8051868,Sân bay quốc tế Nội Bài (HAN),Noi Bai International Airport,HAN,VVNB,https://noibaiairport.vn/,,Tổng công ty Cảng hàng không Việt Nam,Vietnam,VN,257
256,11.1565552; -4.3355464,Aéroport de Bobo-Dioulasso,,BOY,DFOO,,,,Burkina Faso,BF,388
257,43.9965172; 125.6854512,长春龙嘉国际机场,Changchun Longjia International Airport,CGQ,ZYCC,,,,China,CN,147
258,43.0962276; 6.1498611,Aéroport de Toulon-Hyères,,TLN,LFTH,,,CCI du Var,France,FR,417
259,42.5546214; 9.4822981,Aéroport international de Bastia-Poretta,International airport of Bastia-Poretta,BIA,LFKB,,,,France,FR,402
260,56.7446893; 60.8035843,Кольцово,Koltsovo,SVX,USSS,,,,Russia,RU,196
261,48.5388701; 7.6261059,Aéroport International Strasbourg-Entzheim,Strasbourg-Entzheim Airport,SXB,LFST,,,,France,FR,425
262,45.8629641; 1.182349,Aéroport International de Limoges-Bellegarde,,LIG,LFBL,https://www.aeroportlimoges.com,+33 5 55 43 30 30,,France,FR,469
263,45.0337393; 39.1731745,Краснодар — Пашковский,Krasnodar International Airport,KRR,URKK,,,Аэродинамика,Russia,RU,402
264,40.6327558; 8.2909667,Aeroporto Internazionale di Alghero-Fertilia,Alghero - Fertilia Airport,AHO,LIEA,https://www.aeroportodialghero.it/,+39 079 935282,Sogeaal S.p.a.,Italy,IT,403
265,39.2505927; 9.0559868,Aeroporto di Cagliari-Elmas,Cagliari-Elmas Airport,CAG,LIEE,https://www.cagliariairport.it/,+39 070 211 211,So.G.Aer. S.p.A.,Italy,IT,469
267,13.0772884; -59.4915359,Grantley Adams International Airport,Grantley Adams International Airport,BGI,TBPB,,,Government of Barbados,Barbados,BB,133
268,54.3761678; 18.4729239,Port Lotniczy Gdańsk im. Lecha Wałęsy,Gdansk Lech Walesa Airport,GDN,EPGD,https://www.airport.gdansk.pl/,+48 525 673 531,,Poland,PL,324
269,57.2022281; -2.1990857,Aberdeen International Airport,,ABZ,EGPD,,,AGS Airports Ltd.,United Kingdom,GB,283
270,50.2021546; 12.9198297,Letiště Karlovy Vary,Karlovy Vary International Airport,KLV,LKKV,https://www.airport-k-vary.cz/,+420 353 360 611,Letiště Karlovy Vary s.r.o,Czechia,CZ,181
271,19.2927675; -81.3586785,Owen Roberts International Airport,,GCM,MWCR,,,,United Kingdom,GB,363
272,29.5415366; 52.5874971,فرودگاه بین‌المللی شهید دستغیب شیراز,Shahid Dastgheib International Airport of Shiraz,SYZ,OISS,,,Military of Iran / Civil Aviation Organization of Iran,Iran,IR,156
273,43.3002933; -8.3789432,Aeroporto da Coruña,A Coruña Airport,LCG,LECO,,,AENA,Spain,ES,138
274,53.5057532; 50.1550063,Курумоч,Kurumoch International Airport,KUF,UWWW,http://uwww.aero/,,"JSC ""International Airport Kurumoch""",Russia,RU,210
275,43.3193042; 45.0128076,Магас,Magas Airport,IGT,URMS,,,,Russia,RU,379
276,42.8167127; 47.6529227,Махачкала — Уйташ,Makhachkala Uytash Airport,MCX,URML,,,,Russia,RU,180
277,36.7014303; 3.210146,Aéroport international d'Alger Houari Boumédiene,Algiers International Houari Boumediene Airport,ALG,DAAG,https://www.egsa-alger.dz/,,Etablissement de Gestion de Services Aéroportuaires,Algeria,DZ,328
278,44.5003088; 26.1033412,Aeroportul Internațional București-Băneasa „Aurel Vlaicu”,Aurel Vlaicu International Airport,BBU,LRBS,,,Compania Națională Aeroporturi București S.A.,Romania,RO,320
279,46.7861666; 23.6835916,Aeroportul Internațional Avram Iancu Cluj,Cluj Avram Iancu International Airport,CLJ,LRCL,https://www.airportcluj.ro/,,Romanian Civil Aviation Authority,Romania,RO,293
280,38.9063441; 16.2461821,Aeroporto Internazionale di Lamezia Terme,Lamezia Terme International Airport,SUF,LICA,https://www.sacal.it/,+39 0968 414111,Società Aeroportuale Calabrese,Italy,IT,274
281,56.3829696; 85.2105648,Аэропорт Богашёво,Tomsk Bogashevo Airport,TOF,UNTT,,,ООО «Аэропорт ТОМСК»,Russia,RU,269
282,45.216594; 14.571051,Zračna luka Rijeka,Rijeka Airport,RJK,LDRI,,,,Croatia,HR,439
283,50.0781773; 19.7859298,Międzynarodowy Port Lotniczy im. Jana Pawła II Kraków-Balice,John Paul II International Airport Kraków-Balice,KRK,EPKK,https://www.krakowairport.pl/,+48 12 295 58 00,Międzynarodowy Port Lotniczy im. Jana Pawła II Kraków - Balice sp. z o.o.,Poland,PL,223
284,61.0451757; 28.1448372,Lappeenrannan lentoasema,Lappeenranta Airport,LPP,EFLP,https://lppairport.fi/,,Finavia,Finland,FI,255
285,36.8519855; 10.2315451,مطار تونس قرطاج الدولي,Tunis–Carthage International Airport,TUN,DTTA,,,ديوان الطيران المدني والمطارات,Tunisia,TN,266
286,-6.8994955; 107.5760945,Bandar Udara Internasional Husein Sastranegara,Husein Sastranegara International Airport,BDO,WICC,,+62 022 6041221,,Indonesia,ID,377
287,55.5021692; -4.5948374,Glasgow Prestwick Airport,Glasgow Prestwick Airport,PIK,EGPK,https://www.glasgowprestwick.com/,,Infratil Airports Europe,United Kingdom,GB,190
289,27.6729277; 54.3880749,فرودگاه لارستان,Larestan International Airport,LRR,OISL,,,Iranian Airports Holding Company,Iran,IR,273
290,46.9880159; 15.4400043,Flughafen Graz,Graz Airport,GRZ,LOWG,https://www.flughafen-graz.at/,,Holding Graz,Austria,AT,486
291,32.6686796; 13.1451859,مطار طرابلس العالمي,Tripoli International Airport,TIP,HLLT,,,مصلحة الطيران المدني,Libya,LY,351
292,29.7261014; 106.6536406,重庆江北国际机场,Chongqing Jiangbei International Airport,CKG,ZUCK,,,,China,CN,428
293,51.5701749; 0.6924624,London Southend Airport,,SEN,EGMC,,,,United Kingdom,GB,196
294,45.7245281; 5.0873268,Aéroport Lyon Saint-Exupéry,Lyon-Saint Exupéry Airport,LYS,LFLL,https://www.lyonaeroports.com/,,,France,FR,223
295,39.1273446; 117.3541809,天津滨海国际机场,Tianjin Binhai International Airport,TSN,ZBTJ,,,中国民用航空局,China,CN,134
296,-0.5472411; 166.9191265,Nauru International Airport,Nauru International Airport,INU,ANYN,,,,Nauru,NR,256
297,64.9314068; 25.3505478,Oulun lentoasema,Oulu Airport,OUL,EFOU,https://www.finavia.fi/en/oulu/,,Finavia,Finland,FI,448
298,20.2878727; -77.0895242,Aeropuerto Internacional Sierra Maestra,Sierra Maestra International Airport,MZO,MUMZ,,,ECASA,Cuba,CU,139
299,-25.3820207; 31.1046556,Kruger Mpumalanga International Airport,Kruger Mpumalanga International Airport,MQP,FAKN,https://www.kmiairport.co.za/,,,South Africa,ZA,470
300,54.6528041; -6.2152645,Belfast International Airport,,BFS,EGAA,,,,United Kingdom,GB,319
301,37.9801703; 32.5641577,Konya Havalimanı,,KYA,LTAN,https://www.konya.dhmi.gov.tr/havaalanlari/default.aspx?hv=28,,DHMI,Turkey,TR,439
302,53.0453445; 8.7871062,Flughafen Bremen,Bremen Airport,BRE,EDDW,,,Flughafen Bremen GmbH,Germany,DE,211
303,-0.1482153; 109.4033119,Bandar Udara Supadio,Supadio Airport,PNK,WIOO,,+62 560 721560,PT. Angkasa Pura II,Indonesia,ID,491
304,26.1113044; 91.5868919,Lokpriya Gopinath Bordoloi International Airport,,GAU,VEGT,,,,India,IN,280
306,-6.2269717; 39.2247472,Abeid Amani Karume International Airport,,ZNZ,HTZA,,,,Tanzania,TZ,425
307,13.4485251; -89.0584559,Aeropuerto Internacional de El Salvador,El Salvador International Airport,SAL,MSLP,,,Comisión Ejecutiva Portuaria Autónoma (CEPA),El Salvador,SV,149
308,51.2870876; 6.7683825,Düsseldorf Airport,Düsseldorf Airport,DUS,EDDL,http://www.dus.com/,,Flughafen Düsseldorf GmbH,Germany,DE,160
309,19.7417658; -156.0394319,Ellison Onizuka Kona International Airport at Keāhole,Ellison Onizuka Kona International Airport at Keāhole,KOA,PHKO,https://airports.hawaii.gov/koa/,,Hawaiʻi Department of Transportation,United States of America,US,138
310,43.5397011; 16.299593,Zračna luka Sveti Jeronim,Split Airport,SPU,LDSP,http://www.split-airport.hr,+385 21 203555,,Croatia,HR,113
311,53.6363363; 9.9828077,Hamburg Airport Helmut Schmidt,Hamburg Airport,HAM,EDDH,https://www.hamburg-airport.de/,,Flughafen Hamburg GmbH,Germany,DE,110
312,43.677707; -79.6285275,Toronto Pearson International Airport,,YYZ,CYYZ,,,Greater Toronto Airports Authority,Canada,CA,150
313,-1.1885075; 136.1051198,Bandar Udara Frans Kaisiepo,Frans Kaisiepo International Airport,BIK,WABB,,,PT. Angkasa Pura I,Indonesia,ID,132
314,28.8618452; 115.9071277,南昌昌北国际机场,Nanchang Changbei International Airport,KHN,ZSCN,,,,China,CN,284
315,42.3595629; 19.2503749,Aerodrom Podgorica,Podgorica Airport,TGD,LYPG,,,,Montenegro,ME,160
316,-27.6699908; -48.5415285,Aeroporto Internacional de Florianópolis Hercílio Luz,Floripa Airport,FLN,SBFL,,,Floripa Airport,Brazil,BR,144
317,26.7540917; 55.9019928,فرودگاه بین‌المللی قشم‎,Qeshm International Airport,GSM,OIKQ,,,,Iran,IR,325
318,44.8779985; -93.2187802,Minneapolis-Saint Paul International Airport,Minneapolis-Saint Paul International Airport,MSP,KMSP,https://www.mspairport.com/,,Metropolitan Airports Commission,United States of America,US,283
319,30.2526084; 66.9375524,کوئٹہ بین الاقوامی ہوائی اڈا,Quetta International Airport,UET,OPQT,,,Pakistan Civil Aviation Authority,Pakistan,PK,447
320,44.895555; 13.9226743,Zračna luka Pula,Pula Airport,PUY,LDPL,https://www.airport-pula.hr/,,Pula Airport Ltd.,Croatia,HR,496
321,15.120378; 145.7290087,Saipan International Airport,,SPN,PGSN,https://www.cpa.gov.mp/spnapt.asp,+1 670 237 6500,Commonwealth Ports Authority,United States of America,US,136
322,8.9516182; 125.4783437,Bancasi Airport,Bancasi Airport,BXU,RPME,,,Civil Aviation Authority of the Philippines (CAAP),Philippines,PH,330
323,53.8876262; 28.0397071,Нацыянальны аэрапорт «Мінск»,Minsk International Airport,MSQ,UMMS,https://airport.by,,,Belarus,BY,140
324,52.4516948; 20.6506126,Port Lotniczy Warszawa-Modlin,Warsaw-Modlin Airport,WMI,EPMO,https://modlinairport.pl/,,Mazowiecki Port Lotniczy Warszawa-Modlin Sp. z o.o.,Poland,PL,191
325,10.8352564; 122.4927041,Iloilo International Airport,Iloilo International Airport,ILO,RPVI,,,Civil Aviation Authority of the Philippines,Philippines,PH,140
326,-0.787933; 100.2816601,Bandar Udara Internasional Minangkabau,Minangkabau International Airport,PDG,WIEE,,+62 751 819123,PT. Angkasa Pura II,Indonesia,ID,399
327,36.0769713; 10.4386499,مطار النفيضة الحمامات,Enfidha - Hammamet Airport,NBE,DTNH,,,,Tunisia,TN,279
328,6.1663896; -75.4261416,Aeropuerto Internacional José María Córdova,José María Córdova International Airport,MDE,SKRG,,,AirPlan,Colombia,CO,176
329,4.7015958; -74.1469994,Aeropuerto Internacional El Dorado,El Dorado International Airport,BOG,SKBO,https://eldorado.aero/,,Copa Airlines,Colombia,CO,263
330,-18.7961399; 47.4779507,Aéroport International d'Ivato,Ivato International Airport,TNR,FMMI,,,,Madagascar,MG,267
331,-31.9399812; 115.9683687,Perth Airport,,PER,YPPH,https://www.perthairport.com.au/,,Perth Airport Proprietary Limited,Australia,AU,252
332,-2.4456417; 32.9346015,Mwanza Airport,,MWZ,HTMW,,,,Tanzania,TZ,294
333,53.9117136; -8.8189349,Ireland West Airport Knock,,NOC,EIKN,https://www.irelandwestairport.com/,,Connaught Airport Development Company Ltd,Ireland,IE,250
334,50.9792075; 10.9577751,Flughafen Erfurt-Weimar,Erfurt-Weimar Airport,ERF,EDDE,https://www.flughafen-erfurt-weimar.de/,+49 361 6562200,Flughafen Erfurt GmbH,Germany,DE,157
335,46.177167; -1.1967158,Aéroport de La Rochelle - Île de Ré,,LRH,LFBH,,,,France,FR,105
336,31.9885603; 116.9736202,合肥新桥国际机场,Hefei Xinqiao International Airport,HFE,ZSOF,,,,China,CN,286
337,37.0175057; -7.9705828,Aeroporto Gago Coutinho,Faro Airport,FAO,LPFR,,,VINCI,Portugal,PT,412
339,-23.8081596; 133.9036444,Alice Springs Airport,Alice Springs Airport,ASP,YBAS,,,Alice Springs Airport Pty Ltd,Australia,AU,368
340,36.8573191; 117.2112613,济南遥墙国际机场,Jinan Yaoqiang International Airport(TNA),TNA,ZSJN,,,,China,CN,413
341,-17.8183264; 25.8169788,Harry Mwanga Nkumbula International Airport,,LVI,FLHN,,,,Zambia,ZM,364
342,-9.0536608; 13.4970661,Aeroporto Internacional Dr. António Agostinho Neto,Dr. Antonio Agostinho Neto International Airport,NBJ,FNBJ,,,Empresa Nacional de Exploração de Aeroportos e Navegação Aérea (ENANA),Angola,AO,193
343,12.1359304; 15.0347438,Aéroport international de N'Djaména مطار انجمينا الدولي,N'Djamena International Airport,NDJ,FTTJ,,,,Chad,TD,385
344,32.0029934; 34.8787236,נמל התעופה הבינלאומי בן-גוריון,Ben Gurion International Airport,TLV,LLBG,https://www.iaa.gov.il/he-IL/airports/BenGurion/Pages/default.aspx,,רשות שדות התעופה,Israel,IL,495
345,52.7038064; 39.5315652,Липецк,Lipetsk Airport,LPK,UUOL,,,,Russia,RU,265
346,31.6749755; 6.1421856,مطار حاسي مسعود كريم بلقاسم,Hassi Messaoud Krim Belkacem Airport,HME,DAUH,,,Etablissement de Gestion de Services Aéroportuaires,Algeria,DZ,478
347,-11.0373537; -68.7821698,Aeropuerto Internacional Capitán Aníbal Arab Fadul,Aníbal Arab Fadul International Airport,CIJ,SLCO,,,AASANA,Bolivia,BO,484
348,39.7161642; -86.2970069,Indianapolis International Airport,,IND,KIND,https://www.indianapolisairport.com/,+1-317-487-7243,Indianapolis Airport Authority,United States of America,US,452
349,35.8800028; -78.787623,Raleigh-Durham International Airport,Raleigh-Durham International Airport,RDU,KRDU,https://www.rdu.com/,,Raleigh-Durham Airport Authority,United States of America,US,343
350,35.2110578; -80.9463433,Charlotte-Douglas International Airport,,CLT,KCLT,https://www.cltairport.com/,,City of Charlotte,United States of America,US,251
351,42.5614853; 18.2659334,Zračna luka Ruđer Bošković,Dubrovnik Ruđer Bošković Airport,DBV,LDDU,,,,Croatia,HR,300
352,-33.9500156; 151.1785197,Sydney (Kingsford Smith) Airport,Sydney (Kingsford Smith) Airport,SYD,YSSY,https://www.sydneyairport.com.au/,,Sydney Airport Corporation Limited,Australia,AU,165
353,-16.5180888; 28.8842503,Kariba International Airport,Kariba International Airport,KAB,FVKB,,,,Zimbabwe,ZW,155
354,-12.4118212; 130.8830087,Darwin International Airport,,DRW,YPDN,https://www.darwinairport.com.au/,,Darwin International Airport / RAAF Darwin,Australia,AU,193
355,7.3668547; 134.5434645,Roman Tmetuchl International Airport,,ROR,PTRO,,,Republic of Palau,Palau,PW,179
356,36.894653; -76.1998765,Norfolk International Airport,Norfolk International Airport,ORF,KORF,https://www.norfolkairport.com/,+1 757 857 3351,Norfolk Airport Authority,United States of America,US,127
357,42.3728812; -122.873755,Rogue Valley International-Medford Airport,Rogue Valley International-Medford Airport,MFR,KMFR,,,Jackson County,United States of America,US,368
358,18.4293527; -69.6706373,Aeropuerto Internacional Las Américas,Las Américas International Airport,SDQ,MDSD,,,Aeropuertos Dominicanos Siglo XXI S.A. (Aerodom)with their international airport Operator; Vancouver Airport Services; Ltd. (YVRAS),Dominican Rep.,DO,454
359,40.8563446; 25.9557999,"Διεθνές Αεροδρόμιο Αλεξανδρούπολης ""Δημόκριτος""",Alexandroupoli Democritus Airport,AXD,LGAL,,,,Greece,GR,312
361,36.2132967; 1.3414472,مطار الشلف / أبوبكر بلقايد,Chlef Airport/ AbouBakr Belkaid,CFK,DAOI,,,Etablissement de Gestion de Services Aéroportuaires,Algeria,DZ,103
362,26.4691688; 49.7975361,"مطار الملك فهد الدولي ""مطار الدمام""",King Fahd International Airport,DMM,OEDF,,,,Saudi Arabia,SA,221
363,-11.5335433; 43.2711882,مطار الأمير سعيد إبراهيم الدولي Aéroport international Moroni Prince Saïd Ibrahim,Prince Said Ibrahim International Airport,HAH,FMCH,,,Union des Comores,Comoros,KM,183
364,21.7050061; 95.9727376,မန္တလေး အပြည်ပြည်ဆိုင်ရာ လေဆိပ်,Mandalay International Airport,MDL,VYMD,,,Government,Myanmar,MM,359
365,46.6764023; 32.5064943,Міжнародний аеропорт «Херсон»,Kherson International Airport,KHE,UKOH,,,,Ukraine,UA,125
366,30.775834; 114.2170047,武汉天河国际机场,Wuhan Tianhe International Airport,WUH,ZHHH,http://www.whairport.com/jc/ch/index.jhtml,,湖北机场集团,China,CN,448
367,-20.3763989; 118.627016,Port Hedland International Airport,,PHE,YPPD,https://www.porthedlandairport.com.au/,,,Australia,AU,244
368,-8.5236133; 140.419512,Bandar Udara Internasional Mopah,Mopah International Airport,MKQ,WAKK,,,Unit Penyelenggara Bandar Udara,Indonesia,ID,351
369,45.629959; 8.7254233,Aeroporto di Milano-Malpensa,Milan-Malpensa International Airport,MXP,LIMC,https://www.milanomalpensa-airport.com/,+39 02 232323,SEA - Aeroporti di Milano,Italy,IT,486
370,17.3112859; -62.7182123,Robert L. Bradshaw International Airport,,SKB,TKPK,,,St Christopher Air & Sea Ports Authority,St. Kitts and Nevis,KN,428
371,23.392034; 113.3041906,广州白云国际机场,Guangzhou Baiyun International Airport,CAN,ZGGG,https://www.baiyunairport.com/,+86 20 96158,Guangzhou Baiyun International Airport Co. Ltd.,China,CN,255
372,13.197653; 77.7062643,Kempegowda International Airport,,BLR,VOBL,https://www.bengaluruairport.com/,,BIAL,India,IN,422
373,10.1544602; 76.4026587,Cochin International Airport,Cochin International Airport,COK,VOCI,https://cial.aero/,+914842610115,Cochin International Airport Ltd. - CIAL,India,IN,477
374,17.0399816; 54.0905924,مطار صلالة,Salalah International Airport,SLL,OOSA,,,,Oman,OM,498
375,50.4760979; 19.0821294,Międzynarodowy Port Lotniczy Katowice im. Wojciecha Korfantego w Pyrzowicach,Katowice Wojciech Korfanty Airport,KTW,EPKT,https://www.katowice-airport.com/,,GTL Górnośląskie Towarzystwo Lotnicze S.A.,Poland,PL,206
376,60.5134301; 22.2633365,Turun lentoasema,Turku Airport,TKU,EFTU,https://www.finavia.fi/airports/airport_turku,,Finavia,Finland,FI,149
377,51.1540917; -0.1883773,London Gatwick Airport,,LGW,EGKK,https://www.gatwickairport.com/,,Gatwick Airport Limited,United Kingdom,GB,100
378,50.5678539; 3.1002487,Aéroport International de Lille - Lesquin,Lille - Lesquin International Airport,LIL,LFQQ,,,Société de gestion de l'aéroport de la région de Lille (SOGAREL),France,FR,496
379,27.8352015; -0.1903437,Aéroport d'Adrar - Cheikh Sidi Mohamed Belkebir,Adrar / Touat Cheikh Sidi Mohamed Belkebir Airport,AZR,DAUA,,,مؤسسة تسيير مصالح مطارات الجزائر,Algeria,DZ,138
380,43.3363428; 21.8546779,Аеродром Константин Велики Ниш,Airport Niš Constantine the Great,INI,LYNI,http://nis-airport.com/,+381 18 4583336,,Serbia,RS,493
381,-29.0923164; 26.2967652,Bram Fischer International Airport,Bram Fischer International Airport,BFN,FABL,,,,South Africa,ZA,179
382,4.0129554; 9.7216091,Aéroport international de Douala,Douala International Airport,DLA,FKKD,,,Aéroports du Cameroun,Cameroon,CM,133
383,51.8414347; -8.488188,Cork Airport,Cork Airport,ORK,EICK,https://www.corkairport.com/,+353-21-4313131,Dublin Airport Authority,Ireland,IE,312
384,12.1890572; -68.9587055,Curaçao International Airport,,CUR,TNCC,,,Curacao Airport Partners,Netherlands,NL,381
385,38.2803612; 114.694973,石家庄正定国际机场,Shijiazhuang Zhengding International Airport,SJW,ZBSJ,,,,China,CN,489
386,-31.3906036; -54.1123666,Aeroporto Internacional Comandante Gustavo Kraemer,Comandante Gustavo Kraemer International Airport,BGX,SBBG,,,CCR Aeroportos,Brazil,BR,346
387,-17.9553919; -67.0787284,Aeropuerto Internacional Teniente Coronel Juan Mendoza y Nernuldez,Juan Mendoza Airport,ORU,SLOR,,,AASANA,Bolivia,BO,137
388,42.3631431; -71.009697,Logan International Airport,Logan International Airport,BOS,KBOS,,,,United States of America,US,334
389,39.1781143; 23.5040235,Κρατικός Αερολιμένας Σκιάθου «Αλέξανδρος Παπαδιαμάντης»,Skiathos Airport ‘Alexandros Papadiamantis’,JSI,LGSK,,,,Greece,GR,454
390,42.5742916; 21.033169,"Aeroporti Ndërkombëtar i Prishtinës ""Adem Jashari""","Pristina International Airport ""Adem Jashari""",PRN,BKPR,http://www.airportpristina.com/,+383(0)385015021214,LIMAK,Kosovo,XK,497
391,-8.0823062; -79.1091813,Aeropuerto Internacional Capitán FAP Carlos Martínez de Pinillos,Capitan FAP Carlos Martinez De Pinillos International Airport,TRU,SPRU,https://www.adp.com.pe/es/sede/trujillo,,Aeropuertos del Perú,Peru,PE,478
392,40.0803339; 116.5938286,北京首都国际机场,Beijing Capital International Airport,PEK,ZBAA,https://www.bcia.com.cn/,,Civil Aviation Administration of China,China,CN,217
393,31.708668; 74.7974456,Sri Guru Ram Dass Jee International Airport,,ATQ,VIAR,,,Airports Authority of India,India,IN,404
394,-43.4849688; 172.5363067,Christchurch Airport,Christchurch Airport,CHC,NZCH,https://www.christchurchairport.co.nz/,+64 3 353 7777,Christchurch International Airport Limited,New Zealand,NZ,183
395,12.6829861; 101.009599,ท่าอากาศยาน นานาชาติอู่ตะเภา (UTP),U-Tapao - Pattaya International airport (UTP),UTP,VTBU,https://bio.site/utp_airport,+66 9 7326 6074,,Thailand,TH,427
396,24.2855901; 9.4617497,Aéroport de Djanet - Tiska Inedbirene,Djanet Tiska Airport,DJG,DAAJ,,+213 29 47 67 47,مؤسسة تسيير مصالح مطارات الجزائر,Algeria,DZ,149
397,37.463783; 126.4393792,인천국제공항,Incheon International Airport,ICN,RKSI,https://www.airport.kr/ap/ko/index.do,,Incheon International Airport Corporation,South Korea,KR,376
398,34.0585171; 117.5564213,徐州观音国际机场,Xuzhou Guanyin Airport,XUZ,ZSXZ,,,,China,CN,473
399,38.321069; 106.3905756,银川河东国际机场,Yinchuan Hedong International Airport,INC,ZLIC,,,,China,CN,193
400,45.2005858; 7.6511536,Aeroporto di Torino,Turin Airport,TRN,LIMF,https://www.aeroportoditorino.it/,,SAGAT S.p.A.,Italy,IT,352
401,31.6384854; -106.4269223,Aeropuerto Internacional Abraham González,Abraham González International Airport,CJS,MMCS,,,Grupo Aeroportuario Centro Norte OMA,Mexico,MX,151
402,-23.8449601; 29.4581358,Polokwane International Airport,,PTG,FAPP,,,,South Africa,ZA,257
403,30.2366743; 120.4292279,杭州萧山国际机场,Hangzhou Xiaoshan International Airport,HGH,ZSHC,,,杭州萧山国际机场有限公司,China,CN,159
404,34.7179724; 32.4886379,Διεθνής Αερολιμένας Πάφου,Paphos International Airport,PFO,LCPH,,,,Cyprus,CY,465
405,10.5965744; -61.3361308,Piarco International Airport,,POS,TTPP,,,Airports Authority of Trinidad and Tobago,Trinidad and Tobago,TT,343
406,10.557801; -71.7271701,Aeropuerto Internacional de La Chinita,La Chinita International Airport,MAR,SVMC,,+58-261-7352723,Instituto Autónomo de Aeropuertos del Estado Zulia,Venezuela,VE,476
407,13.7342676; -60.9536896,Hewanorra International Airport,,UVF,TLPL,,,Government of Saint Lucia,Saint Lucia,LC,459
408,14.7369244; -17.4857669,Aéroport militaire - ancien aeroport international Léopold-Sédar-Senghor,Military airport - Léopold Sédar Senghor International old Airport,DKR,GOOY,,,Armée nationale sénégalaise,Senegal,SN,342
409,43.4375586; 5.2135912,Aéroport de Marseille Provence,,MRS,LFML,https://www.marseille.aeroport.fr/,,,France,FR,273
410,43.6598373; 7.2151563,Aéroport de Nice-Côte d'Azur,Nice Côte d'Azur Airport,NCE,LFMN,,,,France,FR,263
411,36.7441358; -6.0619245,Aeropuerto Internacional de Jerez La Parra,Jerez Airport,XRY,LEJR,https://aeropuertojerez-laparra.jimdo.com/,,Aena,Spain,ES,330
412,44.0998369; 15.3444102,Zračna luka Zadar,Zadar Airport,ZAD,LDZD,https://www.zadar-airport.hr/,,,Croatia,HR,475
413,14.6602343; 49.3739332,مطار الريان الدولي,Riyan International Airport,RIY,OYRN,,,,Yemen,YE,433
415,28.4473319; -13.8658986,Aeropuerto de Fuerteventura,Fuerteventura Airport,FUE,GCFV,,,AENA,Spain,ES,348
417,53.4812299; 20.9347662,Port lotniczy Olsztyn-Mazury,,SZY,EPSY,http://mazuryairport.pl,(+48) 89 544-34-34,Warmia i Mazury Sp. z o.o.,Poland,PL,237
418,31.1426648; 121.8148024,上海浦东国际机场,Shanghai Pudong International Airport,PVG,ZSPD,https://www.shanghaiairport.com/index_enpdjc.html,,Shanghai Airport Authority,China,CN,193
419,51.720959; 19.3934965,Port Lotniczy Łódź im. Władysława Reymonta,,LCJ,EPLL,,,,Poland,PL,322
420,31.9185017; 119.7751691,常州奔牛国际机场,Changzhou Benniu International Airport,CZX,ZSCG,,,,China,CN,454
421,-19.2424805; -65.1482995,Aeropuerto Internacional de Alcantarí,Alcantarí Airport,SRE,SLAL,,,AASANA,Bolivia,BO,356
422,15.6673421; 39.3713362,Massawa International Airport ኣህጉራዊ መዓርፎ ነፈርቲ ምጽዋዕ مطار مصوع الدولي,Massawa International Airport,MSW,HHMS,,,,Eritrea,ER,162
423,60.3217956; 24.9440881,Helsinki-Vantaan lentoasema,Helsinki Airport,HEL,EFHK,https://www.helsinkiairport.fi/,,Finavia,Finland,FI,498
424,31.19765; 121.3342185,上海虹桥国际机场,Shanghai Hongqiao International Airport,SHA,ZSSS,,,上海虹桥集团,China,CN,394
425,4.8738052; 8.0935282,Akwa Ibom International Airport,,QUO,DNAI,,,,Nigeria,NG,382
426,45.7062004; 25.5234829,Aeroportul Internațional Brașov,Brașov-Ghimbav International Airport,GHV,LRBV,https://brasovairport.ro/,,Consiliul Județean Brașov,Romania,RO,402
427,51.4210547; 12.2365445,Flughafen Leipzig/Halle,Leipzig/Halle Airport,LEJ,EDDP,,,Flughafen Leipzig/Halle GmbH,Germany,DE,115
428,41.6370098; 123.486593,沈阳桃仙国际机场,Shenyang Taoxian International Airport,SHE,ZYTX,,,,China,CN,299
429,39.863027; 4.2209125,Aeroport de Menorca,Menorca Airport,MAH,LEMH,,,Aena,Spain,ES,145
430,22.6087338; 108.1753202,南宁吴圩国际机场,Nanning Wuxu International Airport,NNG,ZGNN,,,,China,CN,124
431,8.1100064; 98.3177466,ท่าอากาศยานนานาชาติภูเก็ต (HKT),Phuket International Airport,HKT,VTSP,https://www.airportthai.co.th,,บริษัท ท่าอากาศยานไทย จำกัด (มหาชน),Thailand,TH,225
432,-42.8366525; 147.512362,Hobart Airport,Hobart Airport,HBA,YMHB,https://hobartairport.com.au/,+61 3 6216 1600,Hobart Airport Pty Ltd,Australia,AU,434
433,8.9792391; 38.7989876,Addis Ababa Bole International Airport,Addis Ababa Bole International Airport,ADD,HAAB,,,,Ethiopia,ET,372
434,22.1494889; -80.4136324,Aeropuerto Jaime González,Jaime González Airport,CFG,MUCF,,,ECASA,Cuba,CU,402
435,25.1081021; 102.938273,昆明长水国际机场,Kunming Changshui Airport,KMG,ZPPP,,,,China,CN,267
436,62.0640191; -7.2761568,Vágar Airport,Vágar Airport,FAE,EKVG,https://www.fae.fo/,,,Denmark,DK,307
437,28.48294; -16.3429633,Aeropuerto de Tenerife Norte - Los Rodeos,Tenerife North Airport,TFN,GCXO,,,Aena,Spain,ES,137
438,48.3537238; 11.786025,Flughafen München,Munich International Airport,MUC,EDDM,https://www.munich-airport.de/,,Flughafen München GmbH,Germany,DE,192
439,51.8869677; 0.2429264,London Stansted Airport,,STN,EGSS,https://www.stanstedairport.com/,,,United Kingdom,GB,239
441,51.603057; 6.143082,Flughafen Weeze/Niederrhein,Airport Weeze,NRN,EDLV,http://www.airport-weeze.de/,,Flughafen Niederrhein GmbH,Germany,DE,461
442,-1.6558068; 13.4370666,Aéroport international M'Vengue El Hadj Omar Bongo Ondimba,M'Vengue El Hadj Omar Bongo Ondimba International Airport,MVB,FOON,,,,Gabon,GA,272
443,8.2878861; -62.762266,Aeropuerto Internacional Manuel Carlos Piar,Manuel Carlos Piar Guayana International Airport,PZO,SVPR,https://www.aeropuertos.net/aeropuerto-internacional-manuel-carlos-piar/,+58-286-9518881,Servicio Autónomo de Aeropuertos Regionales del Estado Bolívar SAAR,Venezuela,VE,252
444,37.6217472; -122.3789591,San Francisco International Airport,San Francisco International Airport,SFO,KSFO,https://www.flysfo.com/,+1 800 435 9736,,United States of America,US,252
445,31.4987509; 120.4303868,苏南硕放国际机场,Sunan Shuofang International Airport,WUX,ZSWX,,,,China,CN,278
446,-7.5163471; 110.7608048,Bandar Udara Adi Sumarmo,Adi Sumarmo Airport,SOC,WAHQ,,+62 0271 780715,Angkasa Pura 1,Indonesia,ID,299
448,10.450849; -64.1322239,Aeropuerto Internacional Antonio José de Sucre,Antonio José de Sucre International Airport,CUM,SVCU,,,INAC / Servicio Autónomo Aeropuertos del Estado Sucre (SAAES),Venezuela,VE,199
449,28.4129881; -81.3098741,Orlando International Airport,,MCO,KMCO,https://orlandoairports.net/,+1 407-825-2001,,United States of America,US,156
452,19.4345239; 37.23508,مطار بورتسودان الدولي,Port Sudan International Airport,PZU,HSPN,,,,Sudan,SD,126
453,19.9750855; -75.8347732,Aeropuerto Internacional Antonio Maceo,Antonio Maceo International Airport,SCU,MUCU,,,ECASA,Cuba,CU,487
454,23.8423316; 90.4017289,হযরত শাহজালাল আন্তর্জাতিক বিমানবন্দর,Hazrat Shahjalal International Airport,DAC,VGHS,http://caab.portal.gov.bd/,+880 2 8901449,বাংলাদেশ বেসামরিক বিমান চলাচল কর্তৃপক্ষ,Bangladesh,BD,177
455,40.1231585; 33.0015178,Esenboğa Uluslararası Havalimanı (ESB),Esenboğa International Airport,ESB,LTAC,,,TAV. Airport Management,Turkey,TR,249
456,47.6200474; -117.5354756,Spokane International Airport,,GEG,KGEG,,,City and County of Spokane,United States of America,US,140
458,37.3632145; -121.9281466,San José Mineta International Airport,San José Mineta International Airport,SJC,KSJC,https://www.flysanjose.com/,,San José Airport Department,United States of America,US,250
459,29.7286897; 35.0117765,נמל תעופה רמון,Ilan and Assaf Ramon Timna International Airport,ETM,LLER,http://www.timnaairport.com,,Israel Airport Authority,Jordan,JO,231
460,0.039011; 32.4470927,Entebbe International Airport,,EBB,HUEN,,,,Uganda,UG,476
461,3.326848; 117.5637551,Bandar Udara Juwata,Juwata Airport,TRK,WAQQ,,+62 551 2026111,Unit Penyelenggara Bandar Udara,Indonesia,ID,230
462,24.4409084; 54.6488742,مطار زايد الدولي,Zayed International Airport,AUH,OMAA,,,,United Arab Emirates,AE,428
463,-34.4552494; -57.7714301,"Aeropuerto Internacional de Colonia ""Laguna de los Patos""",Laguna de Los Patos International Airport,CYR,SUCA,,,,Uruguay,UY,259
464,11.7770592; -70.1456157,Aeropuerto Internacional Josefa Camejo,Josefa Camejo International Airport,LSP,SVJC,https://www.aeropuertos.net/aeropuerto-internacional-josefa-camejo/,+58-269-2474302,Instituto Autónomo de Aeropuertos del Estado Falcón (IAEF),Venezuela,VE,364
465,34.7963078; -1.9324575,Aéroport international d'Oujda-Angad,Oujda Angad Airport,OUD,GMFO,,,ONDA المكتب الوطني للمطارات,Morocco,MA,388
466,34.988333; -3.0291548,Aéroport Nador Al Aroui ⴰⵙⵓⴳⴳⴻⵣ ⴻⵏ ⵏⴰⴹⵓⵔ-ⵄⴰⵔⵡⵉ مطار الناظور العروي,Nador Al Aroui Airport,NDR,GMMW,,,ONDA (Morocco),Morocco,MA,334
469,-14.3346479; -170.7152063,Pago Pago International Airport,,PPG,NSTU,,,Territory of American Samoa,United States of America,US,243
470,13.3698664; 104.2222959,Siem Reap Angkor International Airport,,SAI,VDSA,https://chinese.sai-airport.com/,,,Cambodia,KH,181
471,49.5295858; 25.6931385,Міжнародний аеропорт «Тернопіль»,Ternopil International Airport,TNL,UKLT,,,,Ukraine,UA,472
472,28.6852084; 34.0629682,مطار سانت كاترين,Saint Catherine Airport,SKV,HESC,,,,Egypt,EG,379
473,47.9889161; 10.2397476,Allgäu Airport Memmingen,Memmingen Airport,FMM,EDJA,https://www.memmingen-airport.de/,+49 8331 984200-0,Flughafen Memmingen GmbH,Germany,DE,122
474,12.9175025; 5.2077396,Sadiq Abubakar III International Airport,,SKO,DNSO,,,,Nigeria,NG,215
475,10.6031425; -66.9942639,Aeropuerto Internacional de Maiquetía Simón Bolívar,Simón Bolívar International Airport,CCS,SVMI,https://www.aeropuerto-maiquetia.com.ve/web/index.php,,Instituto Aeropuerto Internacional de Maiquetía,Venezuela,VE,145
476,-30.9747991; -55.4772575,"Aeropuerto Internacional de Rivera ""Pte. Gral. Oscar D. Gestido""",Presidente General Don Oscar D. Gestido International Airport,RVY,SURV,,,,Uruguay,UY,169
477,11.9172472; 75.5444176,Kannur International Airport,Kannur International Airport,CNN,VOKN,https://www.kannurairport.aero/,,KIAL,India,IN,391
478,25.2524344; 55.370328,مطار دبي الدولي,Dubai International Airport,DXB,OMDB,https://www.dubaiairports.ae/,,,United Arab Emirates,AE,251
479,8.9161773; -79.5982493,Aeropuerto Internacional Panama Pacifico,Panama Pacifico International Airport,BLB,MPPA,,,,Panama,PA,214
480,33.2636607; 44.2329255,مطار بغداد الدولي,Baghdad International Airport,BGW,ORBI,,,,Iraq,IQ,315
481,15.4744568; 44.216543,مطار صنعاء الدولي,Sana'a International Airport,SAH,OYSN,,,,Yemen,YE,276
482,-30.4016667; -56.5084101,Aeropuerto Internacional de Artigas,Artigas International Airport,ATI,SUAG,,,,Uruguay,UY,224
483,59.1845254; 10.25805,Sandefjord lufthavn; Torp,Sandefjord Airport,TRF,ENTO,https://www.torp.no/,,Sandefjord Lufthavn AS,Norway,NO,179
484,54.4397277; 30.2957925,Балбасава,Bałbasovo,TXC,UMIO,,,Belarus Air Force,Belarus,BY,469
485,17.3867791; 102.7775596,ท่าอากาศยานนานาชาติอุดรธานี,Udon Thani International Airport,UTH,VTUD,,,,Thailand,TH,125
486,28.9572989; 50.8229405,فرودگاه بین المللی بوشهر,Bushehr Airport,BUZ,OIBB,,,,Iran,IR,247
487,6.9353952; 100.3937098,ท่าอากาศยานนานาชาติหาดใหญ่,Hat Yai International Airport,HDY,VTSS,https://bio.site/hdy_airport,+66 74 227 000,Airports of Thailand,Thailand,TH,323
488,46.349652; -87.3871745,Sawyer International Airport,Sawyer International Airport,MQT,KSAW,https://sawyerairport.com/,+1 906-346-3308,,United States of America,US,406
489,24.7258703; -81.0512195,Florida Keys Marathon International Airport,Florida Keys Marathon International Airport,MTH,KMTH,https://marathonga.com/,+1 305 743-4222,,United States of America,US,412
490,41.2488334; -8.6781798,Aeroporto Francisco Sá Carneiro,,OPO,LPPR,,,ANA Aeroportos de Portugal S.A.,Portugal,PT,378
491,19.0901549; 72.8629148,Chhatrapati Shivaji Maharaj International Airport,,BOM,VABB,https://csmia.adaniairports.com/,,Mumbai International Airport Limited,India,IN,170
492,41.7992581; 12.5927407,Aeroporto di Roma-Ciampino,Rome Ciampino Airport,CIA,LIRA,https://www.adr.it/ciampino,,,Italy,IT,242
493,55.5362185; 13.3705719,Malmö Airport,Malmö Airport,MMX,ESMS,https://www.swedavia.com/malmo/,,Swedavia,Sweden,SE,148
494,22.4613559; -78.3292068,Aeropuerto Internacional Jardines del Rey,Jardines del Rey Airport,CCC,MUCC,,,ECASA,Cuba,CU,471
495,49.9104284; -97.2381871,Winnipeg James Armstrong Richardson International Airport,,YWG,CYWG,https://www.waa.ca/,,,Canada,CA,414
496,47.7934593; 13.0036804,Flughafen Salzburg,Salzburg Airport,SZG,LOWS,,,Salzburger Flughafen GmbH,Austria,AT,299
497,0.4576792; 101.4431043,Bandar Udara Internasional Sultan Syarif Kasim II,Sultan Syarif Kasim II International Airport,PKU,WIBB,http://www.sultansyarifkasim2-airport.co.id/,+62 761 674694,PT Angkasa Pura II,Indonesia,ID,419
498,41.7855709; -87.7507611,Chicago Midway International Airport,,MDW,KMDW,https://www.flychicago.com/midway/,,Chicago Department of Aviation,United States of America,US,378
499,44.8265467; 10.2961564,"Aeroporto di Parma ""Giuseppe Verdi""",Parma Airport,PMF,LIMP,,,Società Gestione Aeroporto Parma S.p. A.,Italy,IT,189
500,40.7897483; -111.9783657,Salt Lake City International Airport,Salt Lake City International Airport,SLC,KSLC,https://slcairport.com/,+1 801 575 2400,Salt Lake City,United States of America,US,190
501,42.2329225; -8.6284661,Aeroporto de Vigo,Vigo Airport,VGO,LEVX,,,AENA,Spain,ES,494
502,42.4037218; 18.7246224,Aerodrom Tivat,Tivat Airport,TIV,LYTV,https://www.montenegroairports.com/tivat/,,Airports of Montenegro,Montenegro,ME,339
503,52.3191592; 10.5592579,Forschungsflughafen Braunschweig-Wolfsburg,,BWE,EDVE,,,Flughafen Braunschweig-Wolfsburg GmbH,Germany,DE,288
504,43.9038565; 87.4775735,乌鲁木齐地窝堡国际机场,Ürümqi Diwopu International Airport,URC,ZWWW,,,,China,CN,325
505,36.844141; -2.3697561,Aeropuerto de Almería - Antonio de Torres,Almeria airport,LEI,LEAM,https://www.aena.es/en/almeria-airport/index.html,,AENA,Spain,ES,400
506,49.1762781; -0.4564816,Aéroport de Caen-Carpiquet,,CFR,LFRK,https://caen.aeroport.fr/,,,France,FR,316
507,-27.3834457; -55.9695459,Aeropuerto Internacional de Posadas Libertador General José de San Martín,,PSS,SARP,,,Aeropuertos Argentina 2000,Argentina,AR,181
508,59.2778553; 38.023212,Международный аэропорт Череповец,Cherepovets International Airport,CEE,ULWC,,,ООО «Авиапредприятие «Северсталь»,Russia,RU,204
509,-6.1240976; 106.6576019,Bandar Udara Internasional Soekarno-Hatta,Soekarno-Hatta International Airport,CGK,WIII,https://www.jakarta-airport.com/,,PT Angkasa Pura II,Indonesia,ID,124
510,-38.039; 144.4741479,Avalon Airport,Avalon Airport,AVV,YMAV,https://www.avalonairport.com.au/,+61 3 5227 9100,Linfox,Australia,AU,340
511,19.4054424; -70.6048808,Aeropuerto Internacional del Cibao,Cibao International Airport,STI,MDST,,,,Dominican Rep.,DO,114
512,36.982411; 35.2814689,Adana Şakirpaşa Havalimanı,,ADA,LTAF,,,,Turkey,TR,284
513,10.8182287; 106.655895,Sân bay quốc tế Tân Sơn Nhất (SGN),Tan Son Nhat International Airport,SGN,VVTS,,,Airports Corporation of Vietnam,Vietnam,VN,101
514,37.7223484; -122.2253404,Oakland International Airport,,OAK,KOAK,https://oaklandairport.com,,Port of Oakland,United States of America,US,400
515,36.2338143; 59.6421354,فرودگاه بین‌المللی شهید هاشمی‌نژاد مشهد,Mashhad International Airport,MHD,OIMM,,,Razavi Khorasan Province Airports department,Iran,IR,385
516,54.8898638; 20.5995691,Аэропорт Храброво им. Елизаветы Петровны,Empress Elizabeth Petrovna Kaliningrad Airport,KGD,UMKK,https://kgd.aero/,,ЗАО «Аэропорт «Храброво»,Russia,RU,258
517,50.4636393; 4.4594573,Aéroport de Charleroi-Bruxelles-Sud,Brussels South Charleroi Airport,CRL,EBCI,,,,Belgium,BE,174
518,-21.2017225; -159.8058125,Rarotonga International Airport,Rarotonga International Airport,RAR,NCRG,,,Avarua,New Zealand,NZ,130
519,45.6708521; 9.7073491,Aeroporto internazionale il Caravaggio di Bergamo-Orio al Serio,Bergamo Orio al Serio Airport,BGY,LIME,http://www.orioaeroporto.it/Airpor/portalProcess.jsp,,SACBO (Società Aeroporto Civile Bergamo Orio al Serio),Italy,IT,198
520,37.9122625; 12.4903602,Aeroporto di Trapani-Birgi,Trapani-Birgi Airport,TPS,LICT,https://www.airgest.it/,,Airgest S.p.a.,Italy,IT,308
521,57.9156329; 56.0235838,Международный аэропорт Пермь (Большое Савино),Bolshoye Savino Airport,PEE,USPP,https://aviaperm.ru/,+7 342 2949771,ОАО «Международный аэропорт «Пермь»,Russia,RU,382
522,46.3717317; 44.3255934,Элиста,Elista Airport,ESL,URWI,http://aero-elista.narod.ru,,,Russia,RU,420
523,62.0914375; 129.7721319,Аэропорт Якутск,Yakutsk Airport,YKS,UEEE,https://yks.aero/,,ОАО «Аэропорт Якутск»,Russia,RU,191
524,57.5604458; 40.156832,Туношна,Tunoshna Airport,IAR,UUDL,https://www.yaravia.ru/,,АО «Аэропорт Туношна»,Russia,RU,488
525,68.7800036; 32.754071,Аэропорт Мурманска им. Николая II,Nicholas II Murmansk Airport,MMK,ULMM,,,,Russia,RU,120
526,48.7831351; 44.3412548,Волгоград — Гумрак,Volgograd International Airport,VOG,URWW,https://airportvolgograd.ru,,Международный аэропорт Волгоград,Russia,RU,279
527,48.104576; 16.5592147,Vienna Airport,Vienna International Airport,VIE,LOWW,https://www.viennaairport.com/,,Flughafen Wien AG,Austria,AT,344
528,41.6093328; 41.6003068,ბათუმის საერთაშორისო აეროპორტი,Batumi International Airport,BUS,UGSB,,,TAV Airports,Georgia,GE,216
529,59.6467358; 17.9451824,Stockholm-Arlanda flygplats,Stockholm-Arlanda Airport,ARN,ESSA,https://www.arlanda.com/,,Swedish Civil Aviation Administration,Sweden,SE,310
530,44.3187633; 23.8876901,Aeroportul Internațional Craiova,Craiova Airport,CRA,LRCV,,,Consiliul Județean Dolj,Romania,RO,246
531,44.3608395; 28.4832284,Aeroportul Internațional „Mihail Kogălniceanu” Constanța,Mihail Kogălniceanu International Airport,CND,LRCK,,,,Romania,RO,461
532,46.4678388; 24.4126731,Aeroportul Internațional Târgu Mureș,Târgu Mureș International Airport,TGM,LRTM,,,Consiliul Județean Mureș,Romania,RO,100
533,47.1799233; 27.6207926,Aeroportul Internațional Iași,,IAS,LRIA,http://www.aeroport.ro/,,,Romania,RO,116
534,47.6878256; 26.3542802,Aeroportul Internațional „Ștefan cel Mare” Suceava,Suceava Stefan cel Mare Airport,SCV,LRSV,,,Consiliul Județean Suceava,Romania,RO,350
535,38.7723941; 34.5333619,Nevşehir Kapadokya Havalimanı,Nevşehir Kapadokya Airport,NAV,LTAZ,,,DHMİ (State Airports Administration),Turkey,TR,292
536,38.7734091; 35.4979243,Kayseri Erkilet Havaalanı,Kayseri Erkilet Airport,ASR,LTAU,https://kayseri.dhmi.gov.tr/Sayfalar/default.aspx,+903523375244,DHMI,Turkey,TR,430
537,38.0726286; 15.647816,Aeroporto di Reggio Calabria - Tito Minniti,Reggio Calabria Airport,REG,LICR,,,SOGAS S.p.A.,Italy,IT,431
538,49.2334723; 18.6135267,Žilina,Žilina,ILZ,LZZI,http://www.letisko.sk,+421415068100,Slovakia,Slovakia,SK,179
540,38.1353426; 46.2351707,فرودگاه بین‌المللی شهید مدنی تبریز,Tabriz International Airport,TBZ,OITT,,,,Iran,IR,430
541,42.6954837; 23.4177896,Летище София,Sofia Airport,SOF,LBSF,,,,Bulgaria,BG,228
542,38.9641247; 121.5379963,大连周水子国际机场,Dalian Zhoushuizi International Airport,DLC,ZYTL,,,Dalian Zhoushuizi International Airport Co.; Ltd.,China,CN,403
543,30.3268911; -9.413855,Aeroport Agadir Al Massira مطار أكادير المسيرة,Agadir Al Massira Airport,AGA,GMAD,https://www.onda.ma/,,ONDA,Morocco,MA,363
544,28.6266883; -17.7552063,Aeropuerto de La Palma,La Palma Airport,SPC,GCLA,,,ENAIRE,Spain,ES,473
545,55.7398878; 9.1585345,Billund Airport,Billund Airport,BLL,EKBI,https://www.bll.dk/,,Billund Lufthavn A/S,Denmark,DK,257
546,53.4761577; -1.0054086,Doncaster Sheffield Airport,Doncaster Sheffield Airport,DSA,EGCN,,,Doncaster Sheffield Airport Limited/Peel Airports,United Kingdom,GB,216
547,27.0464066; 31.0174033,أسيوط الدولى,Asyut International,ATZ,HEAT,,,Ministry of Civil Aviation,Egypt,EG,101
548,9.7423378; 118.7583992,Puerto Princesa International Airport,Puerto Princesa International Airport,PPS,RPVP,,,Civil Aviation Authority of the Philippines,Philippines,PH,390
549,-19.0789876; -169.9257454,Niue International Airport,Niue International Airport,IUE,NIUE,,,,New Zealand,NZ,380
550,51.8780363; -0.3701408,London Luton Airport,,LTN,EGGW,https://www.london-luton.co.uk/,,,United Kingdom,GB,431
551,61.4141391; 23.6024327,Tampere-Pirkkalan lentoasema,Tampere-Pirkkala Airport,TMP,EFTP,,,,Finland,FI,253
552,32.8997359; 59.2816382,فرودگاه بین‌المللی شهید کاوه بیرجند,Birjand Shahid Kaveh International Airport,XBJ,OIMB,,,,Iran,IR,466
553,-34.8546873; -55.1041532,"Aeropuerto Internacional Laguna del Sauce ""Capitán de Corbeta Carlos Curbelo""",,PDP,SULS,,,,Uruguay,UY,191
554,26.6817981; 88.3297991,Bagdogra Airport,Bagdogra Airport,IXB,VEBD,,,,India,IN,485
555,36.6453398; 53.190951,فرودگاه بین المللی دشت ناز ساری,Sari Dasht-e-Naz International Airport,SRY,OINZ,,,,Iran,IR,276
556,23.0339306; -81.4365679,Aeropuerto Internacional Juan Gualberto Gómez,Juan Gualberto Gómez International Airport,VRA,MUVR,,4524 7015,ECASA,Cuba,CU,442
557,29.4747473; 60.9010069,فرودگاه زاهدان,Flughafen Zahedan,ZAH,OIZH,,,,Iran,IR,326
558,29.9939027; -90.2644643,Louis Armstrong New Orleans International Airport,,MSY,KMSY,,,,United States of America,US,319
559,-6.8741295; 39.2065036,Julius Nyerere International Airport,,DAR,HTDA,,,Tanzania Airports Authority,Tanzania,TZ,156
560,30.1140385; 31.4139136,مطار القاهرة الدولى (CAI),Cairo International Airport,CAI,HECA,https://www.cairo-airport.com/,+20 2 22655000,,Egypt,EG,155
561,19.7428144; -99.0156042,Aeropuerto Internacional Felipe Ángeles,Felipe Ángeles International Airport,NLU,MMSM,https://aifa.aero/,,Aeropuerto Internacional Felipe Angeles S.A. de C.V.,Mexico,MX,385
563,43.904707; -92.4999136,Rochester International Airport,,RST,KRST,,,,United States of America,US,225
564,40.6891397; -74.1726854,Newark Liberty International Airport,Newark Liberty International Airport,EWR,KEWR,http://www.panynj.gov/airports/newark-liberty.html,,Port Authority of New York and New Jersey,United States of America,US,116
565,45.4443229; 9.2705744,Aeroporto di Milano-Linate,Linate Airport,LIN,LIML,https://www.milanolinate-airport.com/,,SEA - Aeroporti di Milano,Italy,IT,265
566,57.5431698; -4.0476971,Inverness Airport,Inverness Airport,INV,EGPE,https://www.hial.co.uk/,,,United Kingdom,GB,401
567,42.8828195; 129.4513628,延吉朝阳川国际机场 연길조양천국제공항,Yanji Chaoyangchuan International Airport,YNJ,ZYYJ,,,,China,CN,299
568,-7.7931728; 110.432448,Bandar Udara Internasional Adisutjipto,Adisutjipto International Airport,JOG,WAHH,,+62 0274 498261,PT. Angkasa Pura I,Indonesia,ID,223
569,31.33775; 48.7616218,فرودگاه بین المللی شهید سپهبد سلیمانی,General Soleimani International Airport,AWZ,OIAW,,,,Iran,IR,291
570,40.8503427; 111.8244954,呼和浩特白塔国际机场,Hohhot Baita International Airport,HET,ZBHH,,,,China,CN,395
571,40.6429062; -73.7858125,John F. Kennedy International Airport,John F. Kennedy International Airport,JFK,KJFK,https://www.jfkairport.com/,+1 718 244 4444,Port Authority of New York and New Jersey,United States of America,US,342
572,49.6968501; 18.110789,Letiště Leoše Janáčka Ostrava,Ostrava Leos Janacek Airport,OSR,LKMT,https://www.airport-ostrava.cz/,+420 597 471 136,Letiště Ostrava; a.s.,Czechia,CZ,287
573,48.6376448; 19.1342791,Medzinárodné letisko Sliač,Sliač,SLD,LZSL,,,Letisko Sliač a.s.,Slovakia,SK,184
574,40.4733019; 50.0468884,Heydər Əliyev Beynəlxalq Aeroportu (GYD),Heydar Aliyev International Airport,GYD,UBBB,https://www.airportbaku.com/,+994 12 497 27 27,Government,Azerbaijan,AZ,311
576,-2.8965439; 104.6963928,Bandar Udara Sultan Mahmud Badaruddin II,Sultan Mahmud Badaruddin II Airport,PLM,WIPP,,+62 711 385001,PT. Angkasa Pura II,Indonesia,ID,335
577,50.2696538; 28.7432101,"Міжнародний аеропорт ""Житомир"" імені Сергія Корольова",Zhytomyr International Airport Sergei Korolev,ZTR,UKKV,,0412433008,,Ukraine,UA,306
579,41.6677564; -1.0487628,Aeropuerto de Zaragoza,Zaragoza Airport,ZAZ,LEZG,https://www.aena.es/es/zaragoza.html,,,Spain,ES,326
580,29.2961724; 90.9081283,拉萨贡嘎国际机场 ལྷ་ས་གོང་དཀར་རྫོང།,Lhasa Gonggar Airport,LXA,ZULS,,,,China,CN,145
581,35.6907489; 51.3023055,فرودگاه بین المللی مهرآباد تهران,Mehrabad International Airport,THR,OIII,https://mehrabad.airport.ir/,,Iran Airports Company,Iran,IR,123
582,36.7733782; 48.3600959,فرودگاه زنجان,Zanjan International Airport,JWN,OITZ,,,,Iran,IR,170
583,39.4880551; -0.4836608,Aeropuerto Internacional de Valencia,Valencia International Airport,VLC,LEVC,https://www.aena.es/es/valencia.html,+34 913211000,,Spain,ES,459
584,10.1073083; -64.6929811,Aeropuerto Internacional General José Antonio Anzoátegui,José Antonio Anzoátegui International Airport,BLA,SVBC,https://www.aeropuertos.net/aeropuerto-internacional-general-jose-antonio-anzoategui/,+58-281-2752035,,Venezuela,VE,315
585,38.8731281; 1.3724546,Aeroport d'Eivissa - es Codolar,Ibiza Airport,IBZ,LEIB,,,Aena,Spain,ES,345
586,29.733299; 118.2564637,黄山屯溪国际机场,Huangshan Tunxi International Airport,TXN,ZSTX,http://www.hsairport.com/html/airport/,,,China,CN,197
587,1.3816629; 173.1472437,Bonriki International Airport,,TRW,NGTA,,,,Kiribati,KI,466
588,6.2861562; 81.1241706,Mattala Rajapaksa International Airport,Mattala Rajapaksa International Airport,HRI,VCRI,https://www.airport.lk/mria,,Airport & Aviation Services (Sri Lanka) Limited,Sri Lanka,LK,392
589,37.2496189; 27.6629818,Milas-Bodrum Havalimanı (BJV),Milas–Bodrum Airport,BJV,LTFE,https://www.milasbodrum.dhmi.gov.tr/,+90 252 511 10 00,TAV Havalimanları Holding A.Ş.,Turkey,TR,176
590,41.1463286; 1.1684591,Aeroport de Reus,Reus Airport,REU,LERS,,,,Spain,ES,140
591,41.4139584; 19.7196105,Aeroporti Ndërkombëtar i Tiranës Nënë Tereza,Tirana International Airport Mother Teresa,TIA,LATI,https://www.tirana-airport.com/,,Tirana International Airport SHPK,Albania,AL,142
592,35.7292173; -5.9203803,Aeroport Tanger Ibn Battouta مطار طنجة ابن بطوطة,Tangier Ibn Battouta Airport,TNG,GMTT,,,المكتب الوطني للمطارات,Morocco,MA,297
593,18.2054699; -63.0539256,Clayton J. Lloyd International Airport,Clayton J. Lloyd International Airport,AXA,TQPF,,,Government of Anguilla,United Kingdom,GB,207
594,43.3565362; -1.7908487,Donostiako aireportua/Aeropuerto de San Sebastián,San Sebastián Airport,EAS,LESO,http://www.aena.es/es/aeropuerto-san-sebastian/index.html,,,France,FR,238
595,36.9145608; 54.3938926,فرودگاه گرگان,Gorgan International Airport,GBT,OING,,,,Iran,IR,232
596,13.6864526; 44.1372005,مطار تعز الدولي,Ta'izz International Airport,TAI,OYTZ,,,,Yemen,YE,373
597,15.9659939; 48.7879099,مطار سيئون,Seiyun Airport,GXF,OYSY,,,,Yemen,YE,245
598,30.1935042; -97.6637753,Austin-Bergstrom International Airport,Austin-Bergstrom International Airport,AUS,KAUS,http://www.ci.austin.tx.us,,City of Austin,United States of America,US,113
599,39.3024609; -94.7097541,Kansas City International Airport,Kansas City International Airport,MCI,KMCI,https://www.flykci.com/,,,United States of America,US,134
600,41.7224437; -71.428095,Rhode Island T. F. Green International Airport,,PVD,KPVD,https://www.pvdairport.com/,+1 888 268 7222;+1 401 691 2471,Rhode Island Airport Corporation,United States of America,US,168
601,49.4982067; 11.0777491,Albrecht-Dürer-Airport Nürnberg,Albrecht Dürer Airport Nuremberg,NUE,EDDN,https://www.airport-nuernberg.de/,,Flughafen Nürnberg GmbH,Germany,DE,352
602,36.9949291; 14.6070941,"Aeroporto di Comiso ""Pio La Torre""",Comiso Airport,CIY,LICB,https://aeroportodicomiso.eu/,,So.A.Co. Spa,Italy,IT,304
603,-20.0132741; 28.622824,Joshua Mqabuko Nkomo International Airport,,BUQ,FVJN,,,,Zimbabwe,ZW,106
604,24.887666; 55.1614005,مطار آل مكتوم الدولي,Al Maktoum International Airport,DWC,OMDW,https://www.dubaiairports.ae/,,,United Arab Emirates,AE,337
605,42.3650306; 69.4755057,Шымкент Халықаралық Әуежайы,Shymkent International Airport,CIT,UAII,,,JSC Shymkent Airport,Kazakhstan,KZ,233
606,30.3667994; 48.2295362,فرودگاه بین‌المللی آبادان,Abadan international Airport,ABD,OIAA,https://abadan.airport.ir/,+98 61 53366494;+98 61 53366495,,Iran,IR,159
607,-20.4324329; 57.6827542,Sir Seewoosagur Ramgoolam International Airport,Sir Seewoosagur Ramgoolam International Airport,MRU,FIMP,,,,Mauritius,MU,149
608,32.8994893; -80.0436478,Charleston International Airport,Charleston International Airport,CHS,KCHS,,,Charleston County Aviation Authority,United States of America,US,200
609,43.6461644; -70.3122897,Portland International Jetport,Portland International Jetport,PWM,KPWM,,,Portland; Maine,United States of America,US,115
610,64.8147041; -147.8583675,Fairbanks International Airport,,FAI,PAFA,,,State of Alaska DOT&PF,United States of America,US,261
611,46.9215485; -96.8141641,Hector International Airport,Hector International Airport,FAR,KFAR,https://fargoairport.com/,,City of Fargo Municipal Airport Authority,United States of America,US,374
612,29.9840902; -95.3270875,George Bush Intercontinental Airport - Houston,George Bush Intercontinental Airport - Houston,IAH,KIAH,https://www.fly2houston.com/iah/overview,,Houston; Texas,United States of America,US,132
613,40.2184438; 69.694542,Фурудгоҳи Байналмилалии Хуҷанд,Khujand Airport,LBD,UTDL,,,,Tajikistan,TJ,218
614,45.7871614; 24.0866433,Aeroportul Internațional Sibiu,Sibiu International Airport,SBZ,LRSB,,,,Romania,RO,362
615,18.3007047; -15.9737389,مطار نواكشوط الدولي - أم التونسي,Nouakchott International Airport - Oumtounsy,NKC,GQNO,,,,Mauritania,MR,152
616,52.1630876; 20.9636231,Lotnisko Chopina,Warsaw Chopin Airport,WAW,EPWA,https://www.lotnisko-chopina.pl,,,Poland,PL,223
617,44.8182304; 20.3088125,Аеродром Никола Тесла Београд,Belgrade Nikola Tesla Airport,BEG,LYBE,https://beg.aero/,+381 11 2094000;+381 11 2094444,VINCI Airports,Serbia,RS,331
618,45.4618948; 18.8145777,Zračna luka Osijek,Osijek Airport,OSI,LDOS,https://osijek-airport.hr/,,,Croatia,HR,294
619,10.9133844; -63.9697274,Aeropuerto Internacional del Caribe Santiago Mariño,Santiago Mariño Caribbean International Airport,PMV,SVMG,https://www.aeropuertos.net/aeropuerto-internacional-del-caribe-santiago-marino/,+58 295-4005050,Servicio Autónomo de Aeropuertos del Estado Nueva Esparta,Venezuela,VE,384
620,31.0568444; 33.828113,مطار العريش الدولى,El Arish International Airport,AAC,HEAR,,,,Egypt,EG,213
621,-18.5854753; -173.9629027,Vava'u International Airport,,VAV,NFTV,,,,Tonga,TO,211
623,-18.0967659; 25.8356829,Victoria Falls International Airport,,VFA,FVFA,,,,Zimbabwe,ZW,124
624,34.4406588; 108.7633047,西安咸阳国际机场,Xi'an Xianyang International Airport(XIY),XIY,ZLXY,https://www.xxia.com/Home.htm,+86 29 96788,西部机场集团,China,CN,134
625,42.7710274; -1.6459152,Aeropuerto de Pamplona - Noáin,Airport of Pamplona - Noáin,PNA,LEPP,,,AENA,Spain,ES,233
627,3.7564526; 8.7072882,Aeropuerto Internacional de Malabo,Malabo International Airport,SSG,FGSL,,,Aeropuertos de Guinea Ecuatorial,Eq. Guinea,GQ,310
628,-15.6759814; 34.968639,Chileka International Airport,,BLZ,FWCL,,,,Malawi,MW,429
629,19.7575226; -70.5696881,Aeropuerto Internacional General Gregorio Luperón,Gregorio Luperón International Airport,POP,MDPP,,,Aeropuertos Dominicanos Siglo XXI S.A. (Aerodom),Dominican Rep.,DO,463
630,41.9215167; 8.7983342,Aéroport Napoléon Bonaparte,,AJA,LFKJ,http://www.2a.cci.fr/Aeroport-Napoleon-Bonaparte-Ajaccio.html,,,France,FR,370
631,49.0068962; 2.5625635,Aéroport de Paris-Charles-de-Gaulle,Charles de Gaulle International Airport,CDG,LFPG,https://www.parisaeroport.fr/fr,,Aéroports de Paris,France,FR,459
632,24.7968172; 118.5888542,泉州晋江国际机场,Quanzhou Jingjiang International Airport,JJN,ZSQZ,http://www.qzair.com/,,,China,CN,241
633,37.751161; 20.8843325,"Zakynthos International Airport; ""Dionysios Solomos""",,ZTH,LGZA,,,,Greece,GR,102
634,4.4504017; -75.7665501,Aeropuerto Internacional El Edén,El Eden International Airport,AXM,SKAR,,,Aerocivil,Colombia,CO,362
635,-15.5046281; 167.2198441,Santo Pekoa International Airport,,SON,NVSS,,,Airports Vanuatu Limited,Vanuatu,VU,318
636,-24.3933307; -65.0945473,Aeropuerto Internacional Gobernador Horacio Guzmán,Gobernador Horacio Guzman International Airport,JUJ,SASJ,,,Aeropuertos Argentina 2000,Argentina,AR,170
637,15.1873225; 120.5579887,Clark International Airport,Clark International Airport,CRK,RPLC,https://clarkinternationalairport.com/,+63 45 599 2888,Clark International Airport Corporation,Philippines,PH,105
638,7.1249849; 125.6447844,Francisco Bangoy International Airport,Francisco Bangoy International Airport,DVO,RPMD,,+63 82 234 0418,Civil Aviation Authority of the Philippines,Philippines,PH,224
639,-17.7616334; 177.441765,Nadi International Airport,Nadi International Airport,NAN,NFFN,,,,Fiji,FJ,493
640,25.07917; 121.2313547,臺灣桃園國際機場,Taiwan Taoyuan International Airport,TPE,RCTP,https://www.taoyuan-airport.com/,+886-3-2732043;+886-3-2732044,桃園國際機場股份有限公司,Taiwan,TW,148
641,34.0555734; -117.6021936,Ontario International Airport,Ontario International Airport,ONT,KONT,https://www.flyontario.com/,,Ontario International Airport Authority,United States of America,US,493
642,14.6714115; -17.0735801,Dakar-Blaise Diagne,Blaise Diagne International Airport,DSS,GOBD,,,,Senegal,SN,261
643,53.5842715; 14.902048,"Port Lotniczy Szczecin-Goleniów im. NSZZ ""Solidarność""","Szczecin-Goleniów ""Solidarność"" Airport",SZZ,EPSC,https://airport.com.pl,,Szczecin-Goleniów Airport Ltd.,Poland,PL,219
644,38.78101; -9.1360051,Aeroporto Humberto Delgado,Lisbon Airport,LIS,LPPT,https://www.ana.pt/pt-PT/Aeroportos/Lisboa/Lisboa/Paginas/HomeLisboa.aspx,+351 218 413 500,ANA Aeroportos de Portugal / VINCI Airports,Portugal,PT,354
645,45.7850178; 3.172936,Aéroport de Clermont-Ferrand Auvergne,Clermont-Ferrand Auvergne Airport,CFE,LFLC,,,,France,FR,485
646,-10.7013828; 22.1599202,Aeroporto do Luau,Luau Airport,UAL,FNUA,,,,Angola,AO,489
647,37.4176216; -5.8949838,Aeropuerto internacional de Sevilla - San Pablo,,SVQ,LEZL,https://www.aena.es/en/sevilla.html,,AENA,Spain,ES,402
648,36.8305037; 7.813816,Aéroport d'Annaba Rabah Bitat,Annaba Rabah Bitat Airport,AAE,DABB,,,مؤسسة تسيير مصالح مطارات الجزائر,Algeria,DZ,211
649,46.237796; 6.1086227,Aéroport international de Genève,Geneva International Airport,GVA,LSGG,,,,Switzerland,CH,253
650,43.6299473; 1.3636163,Aéroport de Toulouse-Blagnac,,TLS,LFBO,,,,France,FR,457
652,48.1723025; 17.214379,Letisko M.R. Štefánika,M. R. Stefanik International Airport,BTS,LZIB,https://www.bts.aero/,,Letisko M.R. Štefánika - Airport Bratislava; a.s.,Slovakia,SK,412
654,47.6193342; -52.7514888,St. John's International Airport,,YYT,CYYT,,,St. John's International Airport Authority,Canada,CA,377
655,34.8703048; 33.6185219,Διεθνής Αερολιμένας Λάρνακας - Γλαύκος Κληρίδης,Larnaca International Airport – Glafcos Clerides,LCA,LCLK,,,Hermes Airports,Cyprus,CY,284
656,28.030506; -17.2144438,Aeropuerto de La Gomera,La Gomera Airport,GMZ,GCGM,,,,Spain,ES,371
657,-12.0193603; -77.1178456,Aeropuerto Internacional Jorge Chávez,Jorge Chávez International Airport,LIM,SPJC,https://www.lima-airport.com,,Lima Airport Partners,Peru,PE,133
658,49.6263875; 6.2114078,Aéroport de Luxembourg,Luxembourg Airport,LUX,ELLX,https://www.lux-airport.lu/,+352 2464 0,Société de l'Aéroport de Luxembourg S.A.,Luxembourg,LU,408
659,36.6784208; -4.4958293,Aeropuerto de Málaga - Costa del Sol,Málaga – Costa del Sol Airport,AGP,LEMG,,,AENA,Spain,ES,236
660,24.9056659; 67.1631263,جناح انٹرنیشنل ائیرپورٹ,Jinnah International Airport,KHI,OPKC,https://karachiairport.com.pk/,,پاکستان سول ایوی ایشن اتھارٹی,Pakistan,PK,428
661,38.2892742; 27.1596018,Izmir Adnan Menderes Airport (ADB),Adnan Menderes Airport,ADB,LTBJ,https://www.adnanmenderesairport.com/izmiren/index.php,,TAV Turkish Government Airport Management,Turkey,TR,446
662,21.4205338; -77.8465635,Aeropuerto Internacional Ignacio Agramonte,Ignacio Agramonte International Airport,CMW,MUCM,,,ECASA,Cuba,CU,221
663,33.4358444; 48.281446,فرودگاه خرم آباد,Khorramabad Airport,KHD,OICK,https://khoramabad.airport.ir/,199,,Iran,IR,494
664,36.7954909; 27.0907372,Κρατικός Αερολιμένας Κω; Ιπποκράτης,Kos Island International Airport,KGS,LGKO,https://www.kgs-airport.gr/en,,Fraport Greece,Greece,GR,410
665,-35.303303; 149.192362,Canberra Airport,Canberra Airport,CBR,YSCB,https://www.canberraairport.com.au/,,Capital Airport Group Pty Ltd,Australia,AU,411
666,46.2227014; 14.4592579,Letališče Jožeta Pučnika Ljubljana,Ljubljana Jože Pučnik Airport,LJU,LJLJ,http://www.lju-airport.si/eng/default.asp,+386 4 20 61 000,Fraport AG,Slovenia,SI,390
668,43.8253629; 18.3293661,Međunarodni aerodrom Sarajevo,Sarajevo International Airport,SJJ,LQSA,https://www.sarajevo-airport.ba/,,Bosnia and Herzegovina Directorate of Civil Aviation (BHDCA),Bosnia and Herz.,BA,472
669,-8.125961; -34.9246562,Aeroporto Internacional do Recife/Guararapes - Gilberto Freyre,Guararapes - Gilberto Freyre International Airport,REC,SBRF,,,,Brazil,BR,243
670,28.0461297; -16.5741605,Aeropuerto de Tenerife Sur - Reina Sofia,Tenerife South Airport,TFS,GCTS,,,,Spain,ES,273
671,27.2219439; 56.3801368,فرودگاه بین‌المللی بندرعباس,Bandar Abbas International Airport,BND,OIKB,https://bandarabbas.airport.ir/,+98 76 3366 5828,,Iran,IR,155
672,51.5169901; 7.613085,Flughafen Dortmund,Dortmund Airport,DTM,EDLW,,,Flughafen Dortmund GmbH,Germany,DE,252
673,1.6824043; 11.0247275,Aeropuerto Internacional del Presidente Obiang Nguema,President Obiang Nguema International Airport,GEM,FGMY,,,Aeropuertos de Guinea Ecuatorial,Eq. Guinea,GQ,206
675,51.0258922; 71.4662938,Нұрсұлтан Назарбаев Халықаралық әуежайы,Nursultan Nazarbayev International Airport,NQZ,UACC,http://ru.astanaairport.kz/,,,Kazakhstan,KZ,494
676,43.8182468; 20.585926,Аеродром Морава,Morava Airport,KVO,LYKV,,,Аеродроми Србије д.о.о.,Serbia,RS,373
677,24.9637995; 91.8625004,এম এ জি ওসমানী আন্তর্জাতিক বিমানবন্দর,M.A.G. Osmani International Airport,ZYL,VGSY,,,বাংলাদেশ বেসামরিক বিমান চলাচল কর্তৃপক্ষ,Bangladesh,BD,493
678,65.2827725; -14.4017179,Egilsstaðaflugvöllur,Egilsstaðir Airport,EGS,BIEG,,,Civil Government,Iceland,IS,336
680,11.2777198; 49.1355235,Bender Qassim International Airport,Bender Qassim International Airport,BSA,HCMF,,,,Somalia,SO,410
681,-2.5883386; -44.2361592,Aeroporto Internacional Marechal Cunha Machado,Marechal Cunha Machado International Airport,SLZ,SBSL,,,Infraero,Brazil,BR,197
682,14.998713; 145.6191338,Tinian International Airport,Tinian International Airport,TIQ,PGWT,,,Commonwealth of the Northern Mariana Islands,United States of America,US,486
683,-2.5781968; 140.5193819,Bandar Udara Internasional Sentani,Sentani International Airport,DJJ,WAJJ,,,Unit Penyelenggara Bandar Udara,Indonesia,ID,383
684,-9.5108519; -35.792761,Aeroporto Internacional de Maceió - Zumbi dos Palmares,,MCZ,SBMO,http://www.infraero.com.br/aero_prev_home.php?ai=49,+55-82-30365200,Aena,Brazil,BR,492
685,29.8263468; 121.4620568,宁波栎社国际机场,Ningbo Lishe International Airport,NGB,ZSNB,,,Ningbo Lishe International Airport Co. Ltd. 宁波栎社国际机场有限公司,China,CN,380
686,14.865632; -91.5020491,Aeropuerto Internacional de Occidente,,AAZ,MGQZ,,,DGAC,Guatemala,GT,229
687,44.5473458; 7.6224227,Aeroporto di Cuneo-Levaldigi,Cuneo International Airport,CUF,LIMZ,,,,Italy,IT,298
688,33.9421514; -118.4088321,Los Angeles International Airport,Los Angeles International Airport,LAX,KLAX,https://www.flylax.com,+1 855 463 5252,Los Angeles World Airports,United States of America,US,475
689,-3.440458; 114.7637777,Bandar Udara Internasional Syamsudin Noor,Syamsudin Noor International Airport,BDJ,WAOO,https://syamsudinnoor-airport.co.id,+62 0511 705277,PT. Angkasa Pura I,Indonesia,ID,234
690,-0.3746214; 117.2519222,Bandara Internasional APT Pranoto,APT Pranoto International Airport,AAP,WALS,,,UPBU Samarinda,Indonesia,ID,201
691,1.5504619; 124.9253812,Bandar Udara Sam Ratulangi,Sam Ratulangi Airport,MDC,WAMM,,+62 0431 8111449,PT. Angkasa Pura I,Indonesia,ID,423
692,10.043618; -69.3611829,Aeropuerto Internacional Jacinto Lara,Jacinto Lara International Airport,BRM,SVBM,,+58-251-7188384,Instituto Autónomo de Servicio de Aeropuertos Bolivarianos del estado Lara (IASABEL),Venezuela,VE,163
693,4.1962306; 73.5304446,ވެލާނާ ބައިނަލްއަޤުވާމީ ވައިގެ ބަނދަރު,Velana International Airport,MLE,VRMM,,,Maldives Airports Company Ltd.,Maldives,MV,238
694,11.5470652; 43.1591386,Aéroport International de Djibouti-Ambouli مطار جيبوتي الدولي,De Djibouti Internationa Airport,JIB,HDAM,,,,Djibouti,DJ,467
695,61.181143; -149.9950463,Ted Stevens Anchorage International Airport,,ANC,PANC,https://ancairport.com/,,,United States of America,US,270
696,25.6705202; 32.7065698,ميناء الأقصر الجوى,Luxor International Airport,LXR,HELX,,,Ministry of Civil Aviation,Egypt,EG,155
697,32.7954338; 21.949708,مطار الأبرق الدولي,Al Abraq International Airport,LAQ,HLLQ,,,AA (Libyan Civil Aviation Authority),Libya,LY,458
698,30.1091292; 30.8896424,مطار سفنكس الدولي,Sphinx International Airport,SPX,HESX,,,,Egypt,EG,195
699,10.1516821; -67.9284051,Aeropuerto Internacional Arturo Michelena,Arturo Michelena International Airport,VLN,SVVA,https://www.aeropuertos.net/aeropuerto-internacional-arturo-michelena/,+58-241-8346845,Instituto Autónomo de Aeropuertos del Estado Carabobo (IAAEC),Venezuela,VE,357
700,29.1031088; 110.4435037,张家界荷花国际机场,Zhangjiajie Hehua International Airport,DYG,ZGDY,,,,China,CN,373
701,21.483083; 110.5920033,湛江吴川国际机场,Zhanjiang Wuchuan International Airport,ZHA,ZGZJ,,,广东省机场管理集团有限公司湛江机场公司,China,CN,223
702,31.5195167; 74.4016738,علامہ اقبال انٹرنیشنل ائیرپورٹ‎,Allama Iqbal International Airport,LHE,OPLA,,,پاکستان سول ایوی ایشن اتھارٹی,Pakistan,PK,453
703,49.1524737; 16.693097,Letiště Brno Tuřany,,BRQ,LKTB,https://www.brno-airport.cz/,+420 545 521 310,Letiště Brno a.s,Czechia,CZ,333
704,35.1550374; -114.5591357,Laughlin/Bullhead International Airport,,IFP,KIFP,,+1 928 754 1234,Mohave County Airport Authority,United States of America,US,253
705,39.8128831; -82.9319471,Rickenbacker International Airport,,LCK,KLCK,https://columbusairports.com/airports-and-general-aviation/rickenbacker-international-airport,,Columbus Regional Airport Authority,United States of America,US,317
706,39.8608161; -104.6727429,Denver International Airport,Denver International Airport,DEN,KDEN,https://www.flydenver.com,,,United States of America,US,254
707,45.8261405; 13.4677547,Trieste Airport,Trieste – Friuli Venezia Giulia Airport,TRS,LIPQ,,,Aeroporto FVG Spa plc,Italy,IT,116
708,25.3304626; 55.5163431,مطار الشارقة الدولي,Sharjah International Airport,SHJ,OMSJ,https://www.sharjahairport.ae/ar/,,,United Arab Emirates,AE,203
709,-32.3634488; -58.0677404,"Aeropuerto Internacional de Paysandu ""Brig. Gral. (Av.) Tydeo Larre Borges""",Tydeo Larre Borges Airport,PDU,SUPU,,,,Uruguay,UY,208
710,-32.3383905; -54.2176936,Aeropuerto Internacional de Melo,Cerro Largo International Airport,MLZ,SUMO,,,,Uruguay,UY,435
711,40.7270973; 72.2959982,Andijon xalqaro aeroporti,Andizhan International Airport,AZN,UTFA,,,Uzbekistan Airways,Uzbekistan,UZ,352
712,25.672371; 32.6996836,مطار الأقصر الدولى,Luxor International Airport,LXR,HELX,,,Ministry of Civil Aviation,Egypt,EG,104
714,66.5642548; 25.8297303,Rovaniemen lentoasema,Rovaniemi Airport,RVN,EFRO,https://www.finavia.fi/lentoasemat/lentoasema_rovaniemi,,Finavia,Finland,FI,167
715,58.7925556; 16.9051683,Stockholm-Skavsta flygplats,Stockholm-Skavsta Airport,NYO,ESKN,http://www.skavsta-air.se/en,,Abertis,Sweden,SE,314
716,21.0909307; 79.054701,Dr. Babasaheb Ambedkar International Airport,,NAG,VANP,,,,India,IN,447
